zone_name,season,month,latitude,longitude,rainfall_mm,temperature_deg_c,humidity_pct,river_discharge_m3_s,water_level_m,elevation_m,land_cover,soil_type,population_density,infrastructure,historical_floods,flood_occurred,distance_to_phagwara_km,infrastructure_risk_score,infrastructure_risk_label
City Centre,Monsoon,6,31.223962,75.770691,163.39,32.62,92.66,3023.57,4.34,241.04,Built-up,Loam,7058.53,1,1,1,0.011192807664224407,62.42,Medium
City Centre,Winter,1,31.224522,75.770583,33.31,17.68,62.18,1819.24,3.56,248.84,Built-up,Loam,6628.64,0,0,0,0.06160228034242005,28.23,Low
Railway Colony,Post-Monsoon,11,31.224732,75.771222,67.97,29.12,60.25,2266.24,3.51,244.43,Built-up,Silt Loam,7861.73,0,0,0,0.09074839135100672,32.76,Low
City Centre,Monsoon,9,31.22318,75.771359,204.31,34.02,78.13,3649.82,6.63,247.82,Built-up,Loam,7752.36,1,1,1,0.10554220762587285,72.6,Critical
City Centre,Monsoon,9,31.224824,75.771365,162.79,31.33,69.96,2903.24,5.56,251.62,Built-up,Loam,9425.99,0,0,1,0.10621390247539045,46.31,Medium
City Centre,Post-Monsoon,11,31.223047,75.770936,18.16,30.99,56.39,2240.75,1.97,244.25,Built-up,Loam,6503.8,0,0,0,0.10675493787976925,24.61,Low
Railway Colony,Pre-Monsoon,4,31.223445,75.771799,76.52,41.41,53.64,2497.93,3.53,253.56,Built-up,Silt Loam,7205.39,0,0,0,0.11327942903210107,32.93,Low
Railway Colony,Monsoon,7,31.224598,75.771774,189.14,33.42,76.55,3432.93,5.44,249.82,Built-up,Silt Loam,8336.92,0,0,1,0.11401380836247846,47.23,Medium
Railway Colony,Pre-Monsoon,5,31.225027,75.770717,93.97,33.73,53.63,2274.75,3.68,244.45,Built-up,Silt Loam,6780.86,0,0,0,0.11446958526824301,32.98,Low
City Centre,Monsoon,6,31.2228,75.770881,203.56,36.22,74.81,3389.64,6.48,248.52,Built-up,Loam,7355.5,1,1,1,0.1336560227986418,70.96,Critical
City Centre,Monsoon,7,31.22265,75.770585,215.17,32.85,72.82,3887.55,6.1,241.21,Built-up,Loam,6920.72,0,1,1,0.1514989049088135,63.35,Medium
City Centre,Winter,3,31.223408,75.77255,20.92,16.16,61.09,2329.95,3.92,245.82,Built-up,Loam,8838.29,1,0,0,0.17895174770404249,40.93,Medium
City Centre,Monsoon,9,31.225707,75.770704,192.41,31.47,76.46,3462.55,5.56,249.33,Built-up,Loam,8305.44,1,1,1,0.19002911467966385,69.71,Medium
City Centre,Winter,2,31.225794,75.771449,25.36,14.7,56.59,1936.93,3.52,253.02,Built-up,Loam,6701.58,1,0,0,0.20881106478337827,36.15,Low
Railway Colony,Monsoon,8,31.225804,75.770128,197.86,33.83,72.84,3801.01,5.5,248.62,Built-up,Silt Loam,5803.22,0,0,1,0.21052704826131066,45.24,Medium
Railway Colony,Monsoon,6,31.222881,75.772678,208.46,34.4,79.53,3352.29,6.41,243.95,Built-up,Silt Loam,7282.62,1,0,1,0.21765024969260496,56.83,Medium
City Centre,Monsoon,6,31.225845,75.770029,182.04,32.3,87.7,3202.05,5.98,244.68,Built-up,Loam,7364.01,1,0,1,0.21786027237294037,54.19,Medium
Railway Colony,Monsoon,6,31.225364,75.772476,147.6,31.73,68.11,2859.29,5.67,239.32,Built-up,Silt Loam,6068.33,1,0,1,0.22000317719227588,49.0,Medium
Railway Colony,Post-Monsoon,11,31.224103,75.768423,63.69,31.29,60.86,2339.57,3.83,245.68,Built-up,Silt Loam,6554.97,0,1,1,0.22631411181927405,45.68,Medium
City Centre,Monsoon,9,31.221956,75.770343,137.61,33.89,83.18,2980.95,4.44,246.92,Built-up,Loam,8902.28,1,1,1,0.2313994399790508,63.84,Medium
City Centre,Post-Monsoon,11,31.222143,75.771978,23.69,33.53,74.49,1966.45,2.96,252.12,Built-up,Loam,6880.42,1,0,0,0.23491490712967192,35.05,Low
Railway Colony,Winter,3,31.223448,75.773217,7.93,16.46,58.19,1988.15,3.2,245.46,Built-up,Silt Loam,7830.1,0,1,1,0.23788351436515492,42.23,Medium
Railway Colony,Pre-Monsoon,4,31.226075,75.770074,20.61,40.48,46.81,2239.63,2.94,246.72,Built-up,Silt Loam,7666.32,1,0,0,0.24083534965200162,36.68,Low
Railway Colony,Pre-Monsoon,5,31.221756,75.771468,127.86,35.97,40.13,2520.24,5.06,247.74,Built-up,Silt Loam,6966.47,1,1,1,0.2574794573457192,60.9,Medium
Railway Colony,Monsoon,8,31.22542,75.768617,194.73,28.42,64.67,3329.87,6.02,250.23,Built-up,Silt Loam,7921.37,0,0,1,0.26080458522274197,48.04,Medium
City Centre,Winter,3,31.226178,75.769692,40.76,21.63,66.99,2333.86,3.01,248.83,Built-up,Loam,8073.66,0,0,0,0.26410668752410843,30.68,Low
City Centre,Monsoon,6,31.225625,75.772998,230.38,31.01,88.6,3438.96,6.49,243.67,Built-up,Loam,7379.63,1,1,1,0.27628104891017113,72.49,Critical
Railway Colony,Monsoon,7,31.22187,75.769283,218.49,30.21,80.83,3663.86,6.45,244.62,Built-up,Silt Loam,5847.6,1,0,1,0.2773152650711176,56.25,Medium
City Centre,Pre-Monsoon,4,31.221735,75.769561,26.61,43.06,56.52,1989.05,3.44,242.07,Built-up,Loam,8368.64,1,1,0,0.2780506939953994,52.5,Medium
Railway Colony,Pre-Monsoon,5,31.224374,75.773768,81.17,40.4,55.04,2677.61,4.4,251.33,Built-up,Silt Loam,7133.22,0,1,1,0.28526829742003135,49.63,Medium
City Centre,Monsoon,7,31.222948,75.773579,228.52,24.96,79.92,3364.97,6.91,244.64,Built-up,Loam,7862.57,1,0,1,0.2889849123505371,59.88,Medium
City Centre,Pre-Monsoon,4,31.223825,75.773883,54.72,38.7,47.13,2217.91,4.5,246.41,Built-up,Loam,7868.97,1,1,1,0.2938017838091625,56.36,Medium
Railway Colony,Post-Monsoon,11,31.224439,75.767726,103.13,27.6,62.49,3135.28,3.88,239.36,Built-up,Silt Loam,7736.28,1,0,1,0.29634795108068945,45.55,Medium
City Centre,Winter,1,31.226103,75.772789,17.11,18.22,66.37,1969.18,2.68,250.15,Built-up,Loam,8080.62,1,0,0,0.30075224288080943,35.74,Low
City Centre,Monsoon,8,31.221344,75.771804,212.66,29.44,71.16,3507.29,6.32,244.57,Built-up,Loam,8140.17,1,0,1,0.3103811805367526,58.44,Medium
Railway Colony,Pre-Monsoon,4,31.226633,75.769672,64.9,44.64,54.31,2082.52,3.4,242.7,Built-up,Silt Loam,7508.77,1,0,1,0.31180468913507325,39.36,Low
City Centre,Pre-Monsoon,5,31.225214,75.773785,102.84,36.63,59.45,2555.85,4.23,250.18,Built-up,Loam,7620.21,1,1,1,0.31430131565850805,58.67,Medium
Railway Colony,Monsoon,7,31.222726,75.767837,175.81,34.65,78.21,3300.79,5.38,246.4,Built-up,Silt Loam,7378.94,0,1,1,0.31535694247802404,58.73,Medium
City Centre,Winter,1,31.224542,75.767446,28.44,17.58,71.72,2176.69,3.82,246.46,Built-up,Loam,7147.64,1,0,0,0.3245688250694834,38.29,Low
City Centre,Winter,12,31.22182,75.773108,20.63,15.62,73.23,2048.13,3.3,240.89,Built-up,Loam,8202.84,0,0,0,0.3269944186075391,29.79,Low
City Centre,Winter,3,31.221212,75.771905,57.77,18.69,66.34,2468.81,3.34,250.07,Built-up,Loam,6707.55,1,1,0,0.3273340963929766,52.77,Medium
City Centre,Winter,3,31.224045,75.774305,0.0,14.66,56.32,2170.68,2.87,249.69,Built-up,Loam,6858.9,1,0,0,0.33332102435696753,34.17,Low
Railway Colony,Post-Monsoon,10,31.22616,75.768281,71.07,29.24,63.31,2097.67,4.2,242.11,Built-up,Silt Loam,7443.0,0,0,0,0.33920301268795033,33.54,Low
City Centre,Monsoon,9,31.225597,75.773844,218.54,32.58,86.0,4014.62,6.59,249.3,Built-up,Loam,9361.98,0,1,1,0.3395773239697857,68.44,Medium
City Centre,Monsoon,9,31.226734,75.772428,207.58,30.58,82.69,3717.35,5.95,249.82,Built-up,Loam,8040.31,1,0,1,0.3411503853058777,57.72,Medium
City Centre,Monsoon,8,31.226731,75.772465,213.32,33.08,79.63,3771.15,6.76,247.64,Built-up,Loam,8225.73,1,0,1,0.3424653198018947,60.35,Medium
City Centre,Winter,3,31.222326,75.767706,60.13,18.37,69.31,2052.62,3.74,246.26,Built-up,Loam,6809.67,1,1,1,0.34814476526554494,52.88,Medium
Railway Colony,Monsoon,7,31.224828,75.767194,150.51,30.05,72.17,3038.49,4.93,254.31,Built-up,Silt Loam,5770.49,1,0,1,0.3550317409739212,47.43,Medium
City Centre,Monsoon,8,31.224947,75.767214,200.08,31.39,78.08,3481.35,5.85,244.8,Built-up,Loam,7802.44,1,0,1,0.35687321406298406,56.14,Medium
Railway Colony,Winter,12,31.223457,75.767068,38.25,17.65,62.91,1990.56,2.62,244.19,Built-up,Silt Loam,7494.51,1,1,0,0.3599694422808694,49.89,Medium
City Centre,Pre-Monsoon,5,31.221068,75.769168,133.89,35.33,44.29,3247.53,4.5,242.37,Built-up,Loam,7283.97,1,1,1,0.36107347655436123,62.24,Medium
Railway Colony,Winter,3,31.223307,75.767057,21.16,19.28,61.1,2042.89,2.7,245.09,Built-up,Silt Loam,7530.37,1,0,0,0.3641620581513193,35.42,Low
City Centre,Winter,12,31.225383,75.767267,31.47,17.13,60.42,2010.78,3.09,250.21,Built-up,Loam,6473.41,1,1,0,0.3694687431480762,49.3,Medium
City Centre,Monsoon,8,31.223938,75.76689,214.46,27.97,82.16,3254.41,6.08,252.29,Built-up,Loam,8014.4,0,0,1,0.3718582296276217,49.1,Medium
City Centre,Winter,2,31.221018,75.772581,56.68,19.09,52.4,1718.99,3.71,245.35,Built-up,Loam,7898.6,1,0,1,0.37232834461942443,39.27,Low
Railway Colony,Post-Monsoon,11,31.226535,75.768027,62.32,28.7,63.21,2038.77,3.24,250.43,Built-up,Silt Loam,7792.02,1,0,0,0.3859801227566717,39.13,Low
City Centre,Monsoon,6,31.220753,75.76936,195.9,30.87,68.24,3346.05,5.3,250.39,Built-up,Loam,8585.92,1,0,1,0.386143279148972,55.35,Medium
City Centre,Winter,1,31.223245,75.766774,71.66,20.96,64.01,2190.46,3.45,248.21,Built-up,Loam,7846.53,0,0,0,0.39192303330313827,32.58,Low
City Centre,Winter,3,31.224739,75.774851,18.91,20.03,69.65,2101.67,2.76,247.81,Built-up,Loam,7675.85,1,0,1,0.3938673999280847,35.81,Low
Railway Colony,Winter,12,31.226857,75.773279,0.0,20.69,62.41,1469.38,3.17,248.19,Built-up,Silt Loam,6078.05,0,0,0,0.3955841542078603,23.93,Low
City Centre,Post-Monsoon,10,31.227139,75.772758,63.73,29.68,57.43,1994.32,3.11,249.29,Built-up,Loam,7420.14,1,0,0,0.39559101716169853,38.25,Low
City Centre,Winter,3,31.223969,75.766597,106.39,18.63,77.98,2756.86,4.95,244.46,Built-up,Loam,7045.06,1,0,1,0.3996699189299321,46.31,Medium
Railway Colony,Winter,12,31.227117,75.76862,115.95,13.61,57.25,2515.75,4.18,242.23,Built-up,Silt Loam,6705.23,1,0,1,0.40385185875917273,43.82,Medium
Railway Colony,Post-Monsoon,10,31.225183,75.766773,23.31,31.33,60.79,1715.4,3.38,244.04,Built-up,Silt Loam,5985.77,1,0,0,0.4048817390967639,34.12,Low
City Centre,Post-Monsoon,11,31.225229,75.774814,83.47,29.7,61.75,2685.47,4.1,244.45,Built-up,Loam,7330.59,1,1,1,0.4054082500169077,57.33,Medium
Railway Colony,Pre-Monsoon,5,31.220721,75.768713,50.94,38.24,51.02,2211.44,3.97,239.82,Built-up,Silt Loam,7532.98,0,0,0,0.41511730070674224,32.41,Low
City Centre,Pre-Monsoon,5,31.222853,75.766637,54.86,39.6,39.41,2352.37,3.7,246.48,Built-up,Loam,8632.38,0,1,1,0.4158928771821464,47.87,Medium
Railway Colony,Winter,2,31.224933,75.775046,54.08,16.95,80.13,2224.94,2.7,242.49,Built-up,Silt Loam,5768.67,0,1,0,0.4168577969247013,41.09,Medium
City Centre,Winter,12,31.221009,75.773514,15.99,16.23,50.62,2004.77,2.97,245.46,Built-up,Loam,5678.85,1,1,0,0.4209677006855801,47.11,Medium
Railway Colony,Monsoon,6,31.221243,75.767485,212.78,29.09,99.0,3329.9,6.21,241.47,Built-up,Silt Loam,8008.96,0,0,1,0.43971158699830887,49.53,Medium
City Centre,Winter,2,31.221889,75.766852,19.0,20.5,56.48,2195.59,3.23,246.45,Built-up,Loam,7573.5,0,1,0,0.44275649187431465,43.05,Medium
City Centre,Winter,12,31.227004,75.773882,64.75,19.0,49.5,2461.72,3.56,251.46,Built-up,Loam,7192.07,0,0,0,0.4443624046966433,32.3,Low
Railway Colony,Winter,3,31.220343,75.76888,0.0,19.69,74.54,1626.37,2.68,238.97,Built-up,Silt Loam,7073.38,0,0,0,0.4457451070157457,24.57,Low
Railway Colony,Winter,3,31.22642,75.76705,0.0,18.41,69.26,1668.78,3.45,242.92,Built-up,Silt Loam,7041.34,1,1,0,0.4467174442155438,48.48,Medium
City Centre,Monsoon,7,31.225553,75.766454,161.82,27.13,81.76,2875.09,5.4,241.4,Built-up,Loam,7104.72,1,1,1,0.4478786042370223,64.56,Medium
City Centre,Winter,1,31.228032,75.770922,19.59,19.98,63.61,1646.42,2.92,248.28,Built-up,Loam,7998.43,0,1,0,0.44848799722547145,41.47,Medium
Railway Colony,Pre-Monsoon,4,31.223606,75.766075,73.29,40.45,50.73,2314.95,3.59,246.42,Built-up,Silt Loam,7106.7,0,0,0,0.45142283527168964,32.29,Low
City Centre,Monsoon,9,31.221317,75.774482,202.74,34.79,87.57,2891.98,6.26,247.25,Built-up,Loam,7869.03,1,0,1,0.45998667563231677,55.78,Medium
Railway Colony,Winter,1,31.22687,75.767315,39.79,13.08,66.98,2054.15,3.31,249.36,Built-up,Silt Loam,5630.67,1,1,0,0.46005885565910604,49.18,Medium
Railway Colony,Winter,3,31.222546,75.766245,14.63,14.4,70.7,1971.21,2.6,240.46,Built-up,Silt Loam,6415.99,1,0,0,0.46232086798086536,33.1,Low
Railway Colony,Winter,2,31.228167,75.770865,78.15,19.9,63.92,1776.44,3.49,248.41,Built-up,Silt Loam,7688.37,0,0,1,0.46339047870969563,31.67,Low
City Centre,Winter,2,31.22015,75.772745,0.0,18.81,60.58,2263.48,2.66,252.84,Built-up,Loam,6882.57,1,1,0,0.46634376477523104,47.94,Medium
City Centre,Winter,3,31.219847,75.770116,79.4,17.92,74.93,2349.01,4.72,247.46,Built-up,Loam,7767.85,1,1,1,0.46635046495297766,58.33,Medium
Railway Colony,Monsoon,6,31.224634,75.765857,163.13,28.88,82.45,3082.56,4.52,245.37,Built-up,Silt Loam,6909.15,1,1,1,0.47527607774180264,62.79,Medium
City Centre,Monsoon,8,31.220635,75.767664,165.76,33.67,88.0,3238.5,5.75,248.04,Built-up,Loam,8922.8,1,0,1,0.4784641467748608,55.11,Medium
College District,Monsoon,8,31.226099,75.766204,231.91,28.9,77.74,3259.34,5.84,250.33,Mixed Use,Loam,5772.19,1,1,1,0.49544015001545383,68.27,Medium
Railway Colony,Monsoon,6,31.226666,75.766622,195.12,30.0,80.92,3621.7,6.54,243.14,Built-up,Silt Loam,6872.42,1,0,1,0.4956866211419783,56.62,Medium
Railway Colony,Monsoon,6,31.221498,75.766455,188.29,32.71,80.59,3160.24,5.14,239.08,Built-up,Silt Loam,6729.98,1,1,1,0.4981006620498335,65.49,Medium
Railway Colony,Monsoon,8,31.228475,75.771127,167.91,32.82,82.53,3262.16,5.96,246.67,Built-up,Silt Loam,7635.83,0,1,1,0.4985677962397606,59.98,Medium
City Centre,Monsoon,8,31.22655,75.775131,194.78,31.36,81.02,3472.0,6.62,247.63,Built-up,Loam,7007.56,1,1,1,0.4999952262024675,70.59,Critical
City Centre,Monsoon,7,31.219747,75.768954,165.0,27.71,78.81,3127.11,6.29,247.46,Built-up,Loam,8238.78,0,1,1,0.5044391215519133,61.11,Medium
Railway Colony,Winter,1,31.219439,75.770882,36.48,16.87,55.6,1971.42,4.35,250.87,Built-up,Silt Loam,6345.59,0,1,0,0.5072199980677337,44.29,Medium
City Centre,Winter,12,31.228561,75.770483,19.75,21.66,70.42,2334.99,2.95,242.97,Built-up,Loam,7443.72,1,0,0,0.5080549948463428,36.61,Low
City Centre,Post-Monsoon,10,31.228542,75.771521,76.9,30.31,64.0,2538.63,4.99,245.58,Built-up,Loam,7267.04,1,1,1,0.5096791838651268,58.66,Medium
City Centre,Monsoon,7,31.22832,75.768448,184.72,34.69,85.77,3266.27,5.98,253.83,Built-up,Loam,8950.04,1,1,1,0.5298711594707614,70.72,Critical
Railway Colony,Post-Monsoon,10,31.224854,75.76529,32.97,24.83,65.08,2151.26,3.4,247.43,Built-up,Silt Loam,6691.65,1,0,0,0.5324687212898546,36.8,Low
City Centre,Monsoon,6,31.225746,75.765571,191.03,32.46,87.63,3108.28,5.46,250.87,Built-up,Loam,7331.98,0,1,1,0.5337708273585606,59.1,Medium
City Centre,Winter,1,31.22778,75.767333,62.28,18.56,48.56,1848.18,3.77,246.23,Built-up,Loam,7532.78,0,0,0,0.5341763047490635,31.53,Low
City Centre,Winter,2,31.223209,75.776477,97.91,25.68,67.02,2365.78,3.41,247.94,Built-up,Loam,7071.59,1,1,0,0.5469355639884359,55.18,Medium
Railway Colony,Winter,1,31.227884,75.767234,37.52,17.63,57.97,1679.59,3.3,243.31,Built-up,Silt Loam,6955.9,0,0,0,0.5490851078385892,27.91,Low
City Centre,Post-Monsoon,10,31.219938,75.774088,78.41,31.18,67.05,2363.62,3.84,250.0,Built-up,Loam,7475.65,0,1,1,0.5493296717234428,47.79,Medium
City Centre,Monsoon,8,31.219535,75.773317,234.97,28.93,77.58,3477.4,6.48,242.18,Built-up,Loam,8012.85,1,0,1,0.5511645852836098,59.68,Medium
City Centre,Post-Monsoon,10,31.228935,75.771351,93.56,30.57,53.83,2657.0,3.87,250.07,Built-up,Loam,7567.55,0,1,0,0.5512423834833694,49.53,Medium
City Centre,Monsoon,8,31.219612,75.773679,207.46,33.02,88.02,3456.05,6.01,246.72,Built-up,Loam,6503.23,1,1,1,0.5594786366834733,69.01,Medium
City Centre,Monsoon,6,31.220289,75.774781,192.92,36.25,78.84,3603.21,6.0,249.79,Built-up,Loam,7309.35,0,1,1,0.5599800521696653,61.78,Medium
City Centre,Winter,1,31.219976,75.774346,15.02,16.11,62.09,2207.26,2.88,243.39,Built-up,Loam,7562.98,1,0,0,0.5602737736188458,36.03,Low
City Centre,Monsoon,7,31.218943,75.770766,201.34,29.65,84.22,3081.54,6.7,251.37,Built-up,Loam,7435.86,0,0,1,0.5623220384393522,48.66,Medium
City Centre,Monsoon,9,31.228445,75.767959,193.28,32.68,76.03,2984.71,5.03,243.09,Built-up,Loam,7301.86,1,1,1,0.563266649476539,65.81,Medium
City Centre,Pre-Monsoon,4,31.228788,75.772852,87.85,39.42,56.63,2016.89,4.04,239.37,Built-up,Loam,7623.44,0,1,1,0.5670284716939169,48.03,Medium
City Centre,Winter,2,31.227493,75.775267,12.88,20.28,71.22,1454.8,2.37,247.45,Built-up,Loam,7394.44,1,1,0,0.5755609936933715,46.45,Medium
Railway Colony,Winter,2,31.228565,75.767883,0.0,16.19,54.57,1281.19,2.68,238.15,Built-up,Silt Loam,6040.57,0,1,0,0.5784410629582758,36.2,Low
City Centre,Winter,12,31.227647,75.766429,81.41,18.63,68.85,1979.23,4.07,244.05,Built-up,Loam,6807.77,1,0,1,0.5806843561616402,40.54,Medium
City Centre,Winter,3,31.224096,75.776919,54.29,20.47,61.33,2270.31,3.33,250.46,Built-up,Loam,6834.1,0,0,0,0.58194127019442,30.22,Low
City Centre,Post-Monsoon,11,31.229347,75.77056,87.99,27.89,56.43,2267.2,3.91,248.5,Built-up,Loam,7476.99,1,1,1,0.5949970615159034,56.19,Medium
City Centre,Monsoon,8,31.228745,75.773844,151.05,34.06,80.07,3013.7,4.78,245.83,Built-up,Loam,8445.03,0,0,1,0.6017962311440169,42.77,Medium
Railway Colony,Pre-Monsoon,5,31.229338,75.769674,46.32,39.11,50.3,2239.6,3.51,250.19,Built-up,Silt Loam,6949.01,0,0,0,0.603137516710294,30.33,Low
City Centre,Winter,2,31.222884,75.777013,85.04,22.02,60.7,2589.81,3.88,247.08,Built-up,Loam,7210.16,0,0,0,0.6036775738491591,34.45,Low
City Centre,Monsoon,7,31.220683,75.775882,193.95,32.92,95.63,3403.02,5.52,246.62,Built-up,Loam,7576.85,0,1,1,0.6079183748986103,60.52,Medium
Railway Colony,Winter,12,31.227511,75.765865,90.21,19.59,62.6,2368.5,4.62,244.1,Built-up,Silt Loam,7646.37,1,0,1,0.6104200153600178,44.51,Medium
Railway Colony,Winter,12,31.22748,75.765781,0.0,20.46,53.7,1815.68,2.74,249.8,Built-up,Silt Loam,7258.1,0,1,0,0.6144045099002442,39.47,Low
Railway Colony,Post-Monsoon,10,31.227003,75.765368,86.78,26.99,38.24,2006.16,4.72,244.6,Built-up,Silt Loam,6412.03,1,1,0,0.6150479853164279,55.88,Medium
City Centre,Pre-Monsoon,5,31.222238,75.764622,70.82,38.14,49.68,2423.17,4.58,238.02,Built-up,Loam,7446.05,0,1,1,0.6192699260524375,49.31,Medium
City Centre,Pre-Monsoon,4,31.225443,75.764496,79.32,39.02,52.05,2405.86,3.57,246.47,Built-up,Loam,7115.04,0,1,1,0.6205339112749685,46.8,Medium
Railway Colony,Monsoon,9,31.22295,75.764377,174.4,32.9,71.45,3382.59,4.91,243.68,Built-up,Silt Loam,8149.92,1,1,1,0.6218133686421207,66.83,Medium
City Centre,Monsoon,7,31.229556,75.769967,203.4,24.57,85.76,2571.61,5.35,248.58,Built-up,Loam,7910.39,1,1,1,0.622855689762888,66.83,Medium
Railway Colony,Monsoon,9,31.220929,75.765288,199.78,32.51,84.73,3391.53,6.67,242.26,Built-up,Silt Loam,6864.29,1,0,1,0.6255593506032571,56.54,Medium
City Centre,Winter,2,31.225861,75.777041,88.13,19.17,68.42,2248.81,4.17,250.29,Built-up,Loam,8162.88,0,1,1,0.6284830092934345,49.73,Medium
Railway Colony,Post-Monsoon,11,31.227711,75.775867,58.96,29.15,61.88,2393.05,3.86,246.15,Built-up,Silt Loam,6374.07,1,0,0,0.6343564828578089,39.41,Low
Railway Colony,Winter,2,31.229708,75.771317,38.39,17.66,60.97,2232.83,2.58,244.19,Built-up,Silt Loam,7344.62,0,0,0,0.6366015346832734,28.24,Low
City Centre,Monsoon,7,31.219932,75.775591,208.46,30.97,75.55,3490.4,6.08,243.45,Built-up,Loam,8931.69,0,1,1,0.641998707971913,64.72,Medium
Railway Colony,Monsoon,7,31.218949,75.767513,186.72,30.3,88.53,3173.15,5.61,246.37,Built-up,Silt Loam,8002.78,1,0,1,0.6427606049872254,54.36,Medium
Railway Colony,Post-Monsoon,11,31.229636,75.769211,51.88,23.74,58.65,2345.84,3.06,245.38,Built-up,Silt Loam,6450.35,1,0,0,0.6446506270542393,37.12,Low
Railway Colony,Monsoon,8,31.224934,75.763957,128.83,29.09,85.42,2859.55,4.26,246.55,Built-up,Silt Loam,7564.56,0,0,1,0.6589203078560113,38.77,Low
City Centre,Pre-Monsoon,4,31.224724,75.777709,38.51,38.58,47.46,2183.93,3.39,252.61,Built-up,Loam,7444.42,1,1,0,0.6618749205441153,52.2,Medium
Railway Colony,Post-Monsoon,10,31.2243,75.763843,71.38,25.6,65.53,2121.16,3.56,247.1,Built-up,Silt Loam,6580.36,1,0,0,0.6623669137954888,38.87,Low
City Centre,Winter,1,31.219191,75.774943,40.12,22.35,67.66,2374.65,3.97,250.96,Built-up,Loam,7999.16,1,0,0,0.6641891952235488,40.95,Medium
City Centre,Monsoon,8,31.22982,75.772384,186.04,32.36,87.65,3226.88,6.32,243.0,Built-up,Loam,7604.12,1,0,1,0.6644499457153713,55.61,Medium
City Centre,Monsoon,8,31.226425,75.777257,174.01,28.61,89.39,3295.94,6.71,248.47,Built-up,Loam,7852.01,0,1,1,0.670578729299611,62.48,Medium
Railway Colony,Pre-Monsoon,5,31.224025,75.763731,97.26,36.37,48.02,2068.48,3.95,245.97,Built-up,Silt Loam,7504.75,0,0,0,0.6721829401836045,34.26,Low
Railway Colony,Monsoon,7,31.227871,75.765343,213.81,27.64,71.68,2957.43,6.21,242.09,Built-up,Silt Loam,6650.04,1,1,1,0.6741781344495029,68.68,Medium
Railway Colony,Post-Monsoon,10,31.228287,75.765711,47.3,26.12,62.74,1838.37,3.74,241.86,Built-up,Silt Loam,6531.91,1,1,0,0.6792550022970724,51.28,Medium
Railway Colony,Winter,3,31.23013,75.77004,33.57,18.06,67.73,1771.35,3.52,248.87,Built-up,Silt Loam,8592.36,1,0,0,0.6854448710239026,38.77,Low
Industrial Belt,Winter,2,31.220575,75.776802,8.49,22.28,59.15,2048.99,3.28,246.32,Industrial,Clay Loam,4410.5,1,1,0,0.6861285197125087,45.83,Medium
City Centre,Post-Monsoon,10,31.229982,75.772629,46.95,30.76,53.05,2300.57,2.96,246.29,Built-up,Loam,7671.27,1,1,0,0.6875270169642388,52.22,Medium
College District,Pre-Monsoon,4,31.226668,75.764241,65.55,36.97,55.0,2601.9,3.88,242.69,Mixed Use,Loam,5000.32,1,1,1,0.6906378779424612,52.42,Medium
Railway Colony,Monsoon,8,31.217934,75.769193,135.03,28.21,60.16,2760.07,4.8,244.51,Built-up,Silt Loam,7601.27,1,1,1,0.6916017128337515,62.16,Medium
Railway Colony,Post-Monsoon,11,31.230175,75.769762,64.99,25.44,55.09,2168.48,3.53,244.13,Built-up,Silt Loam,6904.68,1,1,0,0.6936859938893518,53.06,Medium
City Centre,Monsoon,8,31.226024,75.777726,163.87,30.02,85.88,3264.26,5.19,250.46,Built-up,Loam,8352.38,0,1,1,0.6959664259878204,58.94,Medium
City Centre,Monsoon,9,31.225023,75.778189,220.87,28.11,89.33,3684.11,5.7,246.91,Built-up,Loam,7836.95,1,0,1,0.7117504383321811,57.41,Medium
Railway Colony,Monsoon,9,31.230405,75.771008,193.95,33.88,74.94,2914.96,5.98,245.88,Built-up,Silt Loam,6580.5,0,0,1,0.7124780612777946,44.93,Medium
City Centre,Monsoon,6,31.226917,75.764112,172.71,30.5,82.52,2826.55,5.72,250.39,Built-up,Loam,7790.41,1,1,1,0.7138801551556941,66.7,Medium
Railway Colony,Monsoon,9,31.230368,75.769834,213.62,29.64,69.22,3316.88,6.59,244.1,Built-up,Silt Loam,6448.87,0,1,1,0.7140218665618426,62.26,Medium
City Centre,Winter,3,31.225711,75.77807,45.31,19.51,62.47,2531.48,3.29,250.96,Built-up,Loam,7181.16,1,1,1,0.7169867226164837,52.85,Medium
Railway Colony,Monsoon,7,31.225591,75.763466,168.98,31.94,71.98,2933.2,5.14,249.14,Built-up,Silt Loam,7420.47,0,0,1,0.7194595891061762,42.88,Medium
Railway Colony,Monsoon,6,31.224055,75.763233,209.71,27.08,78.93,3206.5,6.71,241.27,Built-up,Silt Loam,7942.75,1,0,1,0.7195569002983347,58.15,Medium
City Centre,Winter,2,31.23025,75.77277,86.21,18.8,62.75,2578.31,4.76,247.77,Built-up,Loam,7332.9,1,1,0,0.7197698720842055,58.77,Medium
Railway Colony,Monsoon,7,31.226505,75.763815,221.14,31.38,84.59,3627.91,6.38,244.61,Built-up,Silt Loam,6683.91,1,1,1,0.7202241860500438,71.29,Critical
Railway Colony,Pre-Monsoon,5,31.228495,75.765302,84.46,39.34,47.22,1977.23,3.77,242.17,Built-up,Silt Loam,5959.45,1,1,1,0.7232715816768952,52.78,Medium
Railway Colony,Pre-Monsoon,4,31.225908,75.763516,80.23,35.32,58.42,2089.18,3.84,243.95,Built-up,Silt Loam,7006.81,1,1,1,0.724379930734395,54.5,Medium
City Centre,Winter,3,31.22214,75.778162,37.97,19.13,82.31,2487.68,3.23,244.92,Built-up,Loam,7388.4,0,0,0,0.729957889679388,30.52,Low
Railway Colony,Monsoon,7,31.226816,75.763846,201.79,28.86,76.56,3266.99,5.35,244.52,Built-up,Silt Loam,6977.22,1,0,1,0.7316251601058896,53.3,Medium
Railway Colony,Pre-Monsoon,4,31.230426,75.772627,25.62,39.13,37.73,1914.99,2.86,238.7,Built-up,Silt Loam,7152.87,1,0,0,0.7353529906704903,35.16,Low
Railway Colony,Monsoon,7,31.229965,75.774197,208.2,30.45,84.04,3610.85,5.85,243.84,Built-up,Silt Loam,6123.66,0,0,1,0.7377457824463908,46.54,Medium
Railway Colony,Monsoon,8,31.228758,75.765321,196.87,30.63,67.34,3232.77,5.77,245.48,Built-up,Silt Loam,6533.74,1,0,1,0.7425122079396955,53.35,Medium
City Centre,Winter,2,31.229382,75.775599,70.0,15.75,62.7,2735.51,3.57,244.12,Built-up,Loam,7731.5,1,1,0,0.7525733190485708,56.08,Medium
Railway Colony,Winter,1,31.229183,75.765702,40.66,16.41,63.25,2405.96,3.56,240.01,Built-up,Silt Loam,6760.09,0,1,0,0.7530781729091848,44.35,Medium
City Centre,Post-Monsoon,11,31.220568,75.777685,20.5,23.57,55.27,2163.85,2.95,247.69,Built-up,Loam,8307.99,0,1,0,0.7577977713338829,43.4,Medium
Railway Colony,Post-Monsoon,10,31.230514,75.773147,83.31,30.09,58.07,1896.67,4.37,250.28,Built-up,Silt Loam,7318.96,0,1,0,0.757922839505616,47.85,Medium
Railway Colony,Winter,1,31.2176,75.768052,0.0,17.94,61.4,1817.96,2.63,240.91,Built-up,Silt Loam,6079.45,1,0,0,0.7581065336851083,31.56,Low
City Centre,Monsoon,6,31.221221,75.778095,209.06,29.31,84.58,3150.82,6.43,244.18,Built-up,Loam,6766.29,0,1,1,0.7593918033164672,61.65,Medium
Railway Colony,Pre-Monsoon,4,31.224841,75.762862,106.16,40.89,47.75,2864.88,4.82,255.0,Built-up,Silt Loam,6412.5,1,1,1,0.7605762718919864,59.38,Medium
Railway Colony,Monsoon,6,31.230454,75.76794,201.02,34.05,82.94,3905.28,5.81,247.13,Built-up,Silt Loam,6380.78,1,0,1,0.7674484908382336,55.23,Medium
College District,Winter,2,31.229666,75.766117,33.46,18.92,76.37,2108.37,3.63,245.86,Mixed Use,Loam,5559.28,1,0,0,0.7715025081306013,35.68,Low
City Centre,Monsoon,9,31.227284,75.763629,208.84,30.14,81.26,3537.96,6.59,245.62,Built-up,Loam,7938.76,1,1,1,0.7734881556082375,72.7,Critical
City Centre,Post-Monsoon,11,31.220978,75.778205,0.0,28.61,59.38,1399.5,2.78,251.37,Built-up,Loam,6893.73,0,1,0,0.7802098203040595,37.94,Low
City Centre,Monsoon,9,31.230358,75.767263,161.46,26.61,67.81,3118.68,5.44,246.59,Built-up,Loam,8389.22,0,0,1,0.782895124288111,45.08,Medium
City Centre,Monsoon,6,31.217075,75.768665,259.17,31.39,66.67,4278.42,6.85,247.38,Built-up,Loam,8451.21,0,1,1,0.7963388539661378,70.53,Critical
Railway Colony,Monsoon,8,31.229152,75.76498,207.36,27.65,82.59,3366.24,6.61,245.37,Built-up,Silt Loam,6448.81,0,1,1,0.796514736787627,62.13,Medium
Railway Colony,Monsoon,9,31.227783,75.763598,130.2,31.27,98.14,2809.35,4.83,247.92,Built-up,Silt Loam,7482.14,1,1,1,0.8036864372481616,61.96,Medium
Railway Colony,Monsoon,6,31.224451,75.762328,217.91,30.59,70.43,3216.78,6.73,239.27,Built-up,Silt Loam,7633.84,1,1,1,0.8071432807831289,72.21,Critical
City Centre,Post-Monsoon,10,31.216732,75.770593,79.68,25.76,58.14,2344.52,3.78,246.04,Built-up,Loam,8571.71,0,1,0,0.8084044066872959,49.2,Medium
Railway Colony,Winter,2,31.226521,75.762809,98.4,18.57,67.04,2264.62,3.69,251.54,Built-up,Silt Loam,6299.74,1,0,1,0.809898086991269,40.52,Medium
City Centre,Monsoon,9,31.221053,75.762981,264.49,36.59,75.87,3866.94,6.49,244.93,Built-up,Loam,7805.14,1,0,1,0.8125153612066465,61.93,Medium
Railway Colony,Post-Monsoon,10,31.230727,75.767434,78.81,28.18,56.06,2702.71,3.47,243.21,Built-up,Silt Loam,7037.4,1,1,1,0.8136040338831922,55.22,Medium
College District,Pre-Monsoon,5,31.226591,75.762739,62.17,37.64,45.36,2164.81,3.84,247.17,Mixed Use,Loam,5605.42,1,0,0,0.8188518203852209,37.84,Low
City Centre,Monsoon,7,31.222159,75.779165,144.51,32.17,91.7,2972.83,4.13,246.33,Built-up,Loam,7494.18,1,0,1,0.8213389633500288,47.45,Medium
College District,Monsoon,9,31.22826,75.76362,201.78,34.89,80.78,2756.57,5.91,248.7,Mixed Use,Loam,5227.73,1,0,1,0.8309540472529265,50.83,Medium
City Centre,Post-Monsoon,10,31.223465,75.77955,69.15,32.78,60.8,2421.84,3.4,248.39,Built-up,Loam,7639.25,0,1,0,0.8341466321740446,46.66,Medium
Railway Colony,Winter,3,31.22246,75.762182,67.98,19.45,76.84,2824.05,3.3,246.25,Built-up,Silt Loam,6135.47,0,0,0,0.8371756043340812,31.33,Low
Railway Colony,Post-Monsoon,11,31.231399,75.769132,25.37,23.49,58.03,1799.35,2.36,247.59,Built-up,Silt Loam,6607.52,0,0,0,0.8378788027095989,24.87,Low
Railway Colony,Pre-Monsoon,5,31.216655,75.768719,105.54,36.91,44.09,2769.68,3.9,245.17,Built-up,Silt Loam,6825.39,1,0,1,0.8403578893094223,43.47,Medium
Railway Colony,Monsoon,8,31.228431,75.763551,197.09,29.63,81.45,2929.23,5.98,247.58,Built-up,Silt Loam,6752.18,1,0,1,0.8472665931493122,53.36,Medium
Railway Colony,Pre-Monsoon,4,31.226425,75.762347,80.83,42.64,47.53,2445.0,4.44,245.43,Built-up,Silt Loam,6522.38,1,0,0,0.8477937060181779,42.24,Medium
Railway Colony,Winter,2,31.231201,75.767818,50.5,16.15,61.81,2390.53,3.65,241.11,Built-up,Silt Loam,7326.15,1,1,1,0.8494350323319307,53.81,Medium
City Centre,Monsoon,9,31.227571,75.778842,207.02,28.0,80.32,3500.05,6.15,249.77,Built-up,Loam,7824.02,1,1,1,0.8616327787989715,71.29,Critical
Railway Colony,Pre-Monsoon,4,31.224234,75.761713,53.8,39.81,57.63,2131.4,3.35,246.49,Built-up,Silt Loam,6369.23,0,1,0,0.864455531169937,43.22,Medium
College District,Pre-Monsoon,5,31.222271,75.761812,69.9,38.42,63.0,1855.66,3.28,257.0,Mixed Use,Loam,5722.49,0,0,0,0.8760162279728783,28.21,Low
City Centre,Winter,1,31.216863,75.76662,62.0,23.39,54.29,2115.03,3.88,252.64,Built-up,Loam,6805.46,1,0,0,0.8875757994971576,39.47,Low
City Centre,Winter,3,31.222745,75.761581,65.67,14.46,58.41,2067.6,3.4,247.19,Built-up,Loam,6245.14,0,0,0,0.8876603343488555,29.59,Low
City Centre,Pre-Monsoon,4,31.215989,75.772416,86.79,38.8,57.92,2707.99,3.46,239.13,Built-up,Loam,8251.13,1,0,0,0.9039400723851385,43.31,Medium
Railway Colony,Monsoon,8,31.219861,75.762471,188.73,35.94,69.98,3492.45,5.32,246.36,Built-up,Silt Loam,6742.3,0,1,1,0.9160184306369169,58.85,Medium
City Centre,Post-Monsoon,11,31.219595,75.779071,28.84,29.62,63.32,1860.55,3.23,249.0,Built-up,Loam,8001.82,1,0,0,0.9265452846411207,37.25,Low
City Centre,Pre-Monsoon,5,31.226832,75.780034,143.68,39.22,45.84,3189.23,5.09,246.11,Built-up,Loam,7965.48,0,1,1,0.9327918959062861,56.95,Medium
Railway Colony,Pre-Monsoon,4,31.232365,75.76926,44.08,38.44,55.97,2168.48,3.0,248.37,Built-up,Silt Loam,6416.49,1,1,0,0.9416008933010109,50.06,Medium
Railway Colony,Pre-Monsoon,4,31.223514,75.760887,87.88,38.31,46.68,2446.51,3.98,243.25,Built-up,Silt Loam,6711.58,1,1,0,0.944157892721477,55.76,Medium
Railway Colony,Winter,2,31.221988,75.761132,73.32,13.54,64.6,2182.05,3.69,242.83,Built-up,Silt Loam,6789.79,0,1,0,0.9461518624794193,45.74,Medium
College District,Monsoon,8,31.232053,75.767558,162.82,30.07,99.0,3055.6,4.62,250.95,Mixed Use,Loam,5308.47,1,0,1,0.947027579740452,46.7,Medium
City Centre,Monsoon,7,31.221605,75.761228,184.93,27.67,82.56,3082.89,5.67,246.71,Built-up,Loam,6491.33,1,0,1,0.9483540435016125,52.05,Medium
City Centre,Monsoon,8,31.223391,75.780791,178.45,33.08,90.8,3284.91,5.87,247.19,Built-up,Loam,7600.05,0,1,1,0.95243795595273,60.3,Medium
Railway Colony,Post-Monsoon,11,31.230567,75.764354,15.18,26.32,55.86,2152.27,2.6,248.24,Built-up,Silt Loam,6550.09,1,1,0,0.9533536529773997,47.8,Medium
Railway Colony,Monsoon,9,31.229135,75.77884,203.43,31.87,80.42,3271.3,6.15,245.12,Built-up,Silt Loam,6872.32,1,0,1,0.9541830585684944,55.17,Medium
College District,Winter,2,31.227727,75.76174,27.88,16.76,64.07,1756.06,2.03,251.23,Mixed Use,Loam,6057.96,1,0,0,0.9559788639298653,31.32,Low
Railway Colony,Pre-Monsoon,5,31.231662,75.775449,53.34,36.3,56.09,1604.22,2.68,245.02,Built-up,Silt Loam,7907.43,1,1,0,0.9598266812001444,50.34,Medium
Railway Colony,Monsoon,9,31.225365,75.760821,227.39,30.79,67.91,3362.32,6.67,247.38,Built-up,Silt Loam,5881.41,1,0,1,0.9609392731830654,56.47,Medium
Railway Colony,Winter,1,31.22161,75.761085,25.91,19.23,56.54,1844.76,3.1,249.49,Built-up,Silt Loam,6507.01,1,1,0,0.9612583595026835,48.65,Medium
College District,Monsoon,6,31.231995,75.766945,224.14,32.98,82.96,3742.56,6.22,248.12,Mixed Use,Loam,7019.02,0,1,1,0.9616055180789314,63.83,Medium
Railway Colony,Winter,1,31.229354,75.762788,17.52,15.94,59.64,2193.58,3.22,246.06,Built-up,Silt Loam,6600.33,1,0,0,0.9668517326531912,35.58,Low
Railway Colony,Pre-Monsoon,4,31.232325,75.774069,91.13,40.58,48.81,2355.6,4.35,248.14,Built-up,Silt Loam,6617.77,0,0,1,0.976489153287057,34.43,Low
College District,Monsoon,6,31.231671,75.76557,184.69,33.62,80.82,3563.5,5.53,247.17,Mixed Use,Loam,5788.83,0,0,1,0.9873530741066223,44.0,Medium
College District,Winter,1,31.229331,75.762495,0.0,19.36,66.88,2124.61,1.81,253.63,Mixed Use,Loam,5536.34,1,0,0,0.9874152296371064,29.65,Low
City Centre,Monsoon,8,31.218425,75.779064,206.39,35.02,87.78,3648.73,6.47,248.19,Built-up,Loam,6440.65,1,1,1,1.0009097588968443,70.48,Critical
Railway Colony,Monsoon,6,31.221077,75.760678,184.92,32.76,76.54,3186.67,4.98,237.79,Built-up,Silt Loam,7512.8,1,1,1,1.0158928051786364,66.11,Medium
Railway Colony,Monsoon,7,31.232078,75.765669,229.41,30.22,86.04,3513.75,6.62,251.48,Built-up,Silt Loam,7230.63,1,0,1,1.022176432354847,58.74,Medium
City Centre,Pre-Monsoon,4,31.214991,75.768244,91.61,38.41,45.7,2496.27,4.18,246.05,Built-up,Loam,8751.37,1,1,1,1.0308199514461427,59.41,Medium
Railway Colony,Winter,3,31.232649,75.766835,25.03,18.8,59.21,2400.72,3.06,250.52,Built-up,Silt Loam,7069.92,0,1,0,1.032980609141595,42.78,Medium
College District,Pre-Monsoon,5,31.233042,75.768207,96.09,36.83,46.5,2258.14,3.2,252.5,Mixed Use,Loam,5482.94,0,1,0,1.0352130718422188,44.07,Medium
College District,Monsoon,8,31.232078,75.76538,178.66,29.65,73.1,2631.96,4.9,247.1,Mixed Use,Loam,5854.87,1,0,1,1.035573613194874,47.8,Medium
City Centre,Winter,2,31.231336,75.777522,62.6,19.34,68.76,1983.75,3.93,245.94,Built-up,Loam,7286.19,1,0,0,1.0363061589340503,39.94,Low
Railway Colony,Monsoon,6,31.214648,75.771599,206.53,28.48,82.42,3423.64,5.86,247.52,Built-up,Silt Loam,6392.72,0,1,1,1.0426669353245566,60.36,Medium
Railway Colony,Winter,12,31.219748,75.760546,17.67,15.72,49.98,1947.12,2.77,237.7,Built-up,Silt Loam,6551.79,1,0,0,1.0836383471099786,33.79,Low
City Centre,Winter,2,31.220221,75.781363,49.17,20.03,63.63,2336.49,3.37,254.8,Built-up,Loam,6580.85,0,1,0,1.0887893766913177,43.88,Medium
City Centre,Monsoon,8,31.214343,75.768528,181.81,30.7,89.03,3634.08,5.56,245.51,Built-up,Loam,7804.15,1,1,1,1.0953285776129553,68.94,Medium
Industrial Belt,Post-Monsoon,11,31.22077,75.781704,38.14,29.31,54.84,2077.82,3.46,248.72,Industrial,Clay Loam,6570.64,1,1,0,1.0973009106900695,50.84,Medium
Railway Colony,Post-Monsoon,11,31.233323,75.766871,47.69,26.66,48.41,2269.42,3.07,256.71,Built-up,Silt Loam,6194.05,0,1,0,1.1019297404798833,42.36,Medium
College District,Post-Monsoon,11,31.231015,75.762537,130.8,30.86,60.92,2932.12,4.45,248.38,Mixed Use,Loam,5478.98,0,1,1,1.1071353558397923,50.6,Medium
Railway Colony,Pre-Monsoon,4,31.231904,75.763676,30.32,38.85,37.08,2158.98,3.2,254.35,Built-up,Silt Loam,6184.91,0,0,0,1.1096307264299718,27.5,Low
College District,Pre-Monsoon,4,31.227929,75.760008,75.09,34.5,52.42,2239.91,4.16,250.12,Mixed Use,Loam,3959.22,0,0,0,1.1152984157614507,29.14,Low
College District,Monsoon,9,31.231053,75.7624,162.36,31.75,71.52,3080.35,4.81,251.21,Mixed Use,Loam,5680.0,0,1,1,1.1193736730806796,53.72,Medium
College District,Winter,3,31.227925,75.759959,51.58,23.31,49.58,1862.46,3.28,246.54,Mixed Use,Loam,5683.71,1,1,0,1.1194133091003144,49.27,Medium
Industrial Belt,Monsoon,7,31.214451,75.775088,235.42,26.37,82.8,3777.75,6.44,252.34,Industrial,Clay Loam,5356.97,1,1,1,1.13740346072486,70.69,Critical
College District,Monsoon,9,31.230408,75.76141,147.26,30.91,77.97,2796.76,5.36,249.94,Mixed Use,Loam,5413.36,1,0,1,1.1423150482128817,47.15,Medium
College District,Pre-Monsoon,4,31.229357,75.760544,87.37,38.52,56.38,2028.31,3.91,247.8,Mixed Use,Loam,6305.37,0,1,1,1.1427291315334271,45.88,Medium
City Centre,Winter,1,31.233966,75.773827,32.6,13.42,51.74,2408.15,3.69,244.48,Built-up,Loam,6623.37,1,0,0,1.1449349101730688,38.07,Low
Railway Colony,Pre-Monsoon,4,31.231265,75.762039,71.03,37.75,56.81,2286.26,3.3,245.51,Built-up,Silt Loam,6943.91,1,1,0,1.1604038714039377,53.18,Medium
Industrial Belt,Winter,12,31.213978,75.774249,73.92,18.92,62.81,2462.46,4.41,238.56,Industrial,Clay Loam,5016.58,1,1,1,1.1616564503461455,53.76,Medium
City Centre,Monsoon,6,31.234507,75.770298,201.53,30.35,86.47,3304.21,5.91,251.77,Built-up,Loam,6923.62,0,1,1,1.1692997158636982,60.65,Medium
City Centre,Winter,3,31.216195,75.762551,17.37,24.1,66.08,2171.81,2.81,246.35,Built-up,Loam,7136.19,1,1,0,1.169835052328573,49.29,Medium
Railway Colony,Winter,1,31.227978,75.759399,54.82,18.21,69.71,2197.29,3.9,249.05,Built-up,Silt Loam,6377.06,1,0,0,1.1708455126218773,38.78,Low
Railway Colony,Winter,3,31.232822,75.763737,40.39,18.34,78.77,1754.51,3.29,247.07,Built-up,Silt Loam,6421.42,1,1,0,1.1888226406909193,49.47,Medium
Railway Colony,Winter,2,31.227931,75.759139,2.82,12.43,60.12,1325.86,2.34,242.82,Built-up,Silt Loam,6333.71,1,0,0,1.191845947721825,30.05,Low
College District,Monsoon,8,31.231125,75.761402,174.7,35.74,73.59,2823.49,6.16,250.19,Mixed Use,Loam,7278.24,0,0,1,1.1942401074748035,45.13,Medium
College District,Monsoon,9,31.230675,75.760943,242.73,34.78,66.84,3518.62,6.03,253.99,Mixed Use,Loam,6058.78,1,0,1,1.1955486036077465,56.36,Medium
College District,Monsoon,6,31.233032,75.763759,182.98,34.72,81.65,3021.08,5.32,246.06,Mixed Use,Loam,4988.64,1,1,1,1.207000830122752,62.85,Medium
College District,Winter,1,31.230988,75.760967,55.72,20.08,68.53,2226.79,3.49,246.16,Mixed Use,Loam,5370.27,1,0,1,1.2157044551881848,36.51,Low
Railway Colony,Monsoon,9,31.233219,75.763824,205.35,30.77,80.85,3276.17,7.24,247.95,Built-up,Silt Loam,6598.53,1,0,1,1.2209879479092502,57.51,Medium
College District,Winter,2,31.227578,75.758546,41.46,17.82,59.5,1768.92,3.54,243.9,Mixed Use,Loam,6232.73,0,1,1,1.2312387683971573,41.9,Medium
College District,Winter,2,31.233774,75.764554,13.87,20.22,57.07,2119.43,2.61,248.07,Mixed Use,Loam,6393.17,0,1,0,1.2384992083344615,39.45,Low
Railway Colony,Winter,12,31.233109,75.762817,30.86,19.75,63.62,1714.72,3.33,248.03,Built-up,Silt Loam,6957.18,0,1,0,1.2657304564632716,41.74,Medium
College District,Monsoon,6,31.229078,75.758875,219.72,32.94,90.98,3167.14,6.02,243.65,Mixed Use,Loam,5441.63,1,0,1,1.266705743435565,53.39,Medium
College District,Post-Monsoon,10,31.235393,75.76904,77.37,25.28,65.51,2266.07,3.34,240.7,Mixed Use,Loam,5811.29,0,0,1,1.2778487815919513,29.96,Low
College District,Post-Monsoon,10,31.229162,75.758771,88.94,27.16,57.43,2312.1,4.07,245.55,Mixed Use,Loam,6185.23,0,1,1,1.2797270273499834,46.93,Medium
College District,Monsoon,6,31.230886,75.7598,187.3,30.06,72.46,2701.17,5.08,248.39,Mixed Use,Loam,6537.15,1,0,1,1.2962440139261031,49.8,Medium
City Centre,Winter,1,31.214058,75.763594,22.8,21.85,62.38,2311.6,3.15,247.13,Built-up,Loam,7542.28,0,1,0,1.30064773597106,43.31,Medium
College District,Monsoon,7,31.230832,75.759624,186.4,31.87,76.83,3009.92,5.58,247.84,Mixed Use,Loam,5614.75,1,0,1,1.3062837173114543,50.49,Medium
College District,Monsoon,8,31.235795,75.770165,162.86,33.99,78.26,2692.19,5.22,248.41,Mixed Use,Loam,4617.74,1,0,1,1.312933159359016,46.2,Medium
College District,Post-Monsoon,11,31.233962,75.763204,71.9,29.47,48.4,2205.42,3.17,247.62,Mixed Use,Loam,5415.66,1,0,0,1.3223834854834338,36.56,Low
College District,Winter,1,31.234839,75.764837,13.12,19.52,60.59,2135.94,2.94,251.28,Mixed Use,Loam,4493.35,0,1,0,1.33194264037362,37.59,Low
Industrial Belt,Monsoon,6,31.213333,75.777296,249.9,28.26,80.6,3913.4,7.81,242.27,Industrial,Clay Loam,5090.03,1,0,1,1.3373324569764007,60.69,Medium
College District,Monsoon,9,31.227813,75.757388,154.05,28.13,87.98,2954.02,5.13,238.93,Mixed Use,Loam,7236.06,1,0,1,1.3439276368740198,49.92,Medium
Industrial Belt,Winter,12,31.214483,75.779576,43.47,15.58,60.3,2299.94,3.4,245.7,Industrial,Clay Loam,5739.85,1,1,0,1.3477107633354422,50.39,Medium
College District,Monsoon,6,31.221996,75.756781,175.49,27.56,86.82,3218.98,5.92,246.48,Mixed Use,Loam,5874.27,0,0,1,1.351549537798832,43.68,Medium
College District,Post-Monsoon,11,31.232813,75.760946,95.97,28.49,66.08,2595.96,4.64,245.06,Mixed Use,Loam,6599.16,0,1,1,1.3558044404927498,49.99,Medium
College District,Monsoon,9,31.230297,75.758505,200.18,37.89,86.6,2976.3,5.99,243.52,Mixed Use,Loam,6701.32,0,0,1,1.3627153547674657,45.6,Medium
College District,Pre-Monsoon,5,31.234493,75.7632,84.98,35.91,59.41,2021.56,4.0,252.03,Mixed Use,Loam,4501.04,1,0,1,1.3724215652574283,37.43,Low
College District,Post-Monsoon,11,31.23396,75.76226,0.0,22.57,56.43,1321.14,2.42,248.72,Mixed Use,Loam,6498.27,0,1,0,1.3732873296818893,36.32,Low
College District,Pre-Monsoon,5,31.236211,75.768196,128.13,33.56,47.85,2980.59,4.01,249.98,Mixed Use,Loam,6693.96,1,0,1,1.3801907987429984,45.24,Medium
Industrial Belt,Winter,2,31.216305,75.782208,27.79,20.33,62.27,1970.45,2.75,244.89,Industrial,Clay Loam,5981.89,1,0,0,1.3816430617417599,33.51,Low
Industrial Belt,Winter,1,31.216456,75.782376,15.41,15.68,55.85,1846.77,3.2,243.91,Industrial,Clay Loam,5539.97,1,1,1,1.38397977898963,47.02,Medium
Railway Colony,Pre-Monsoon,4,31.236465,75.770678,58.9,32.92,61.04,2210.38,4.11,246.97,Built-up,Silt Loam,7198.06,0,0,1,1.3860933005621208,32.67,Low
Railway Colony,Post-Monsoon,11,31.236447,75.769288,58.49,32.2,73.62,2475.97,3.18,246.7,Built-up,Silt Loam,7185.69,1,1,0,1.391489743145719,53.11,Medium
College District,Monsoon,8,31.231944,75.759434,226.21,36.01,79.63,3567.05,5.74,250.18,Mixed Use,Loam,5576.17,1,0,1,1.3957947869239775,54.29,Medium
City Centre,Post-Monsoon,10,31.234121,75.779567,103.24,23.27,49.36,2361.04,4.3,246.11,Built-up,Loam,6620.24,1,0,1,1.4005033549918324,42.94,Medium
Railway Colony,Winter,12,31.22907,75.757278,29.13,18.89,81.04,1904.13,3.31,250.4,Built-up,Silt Loam,7641.16,1,1,0,1.4039108876402955,51.06,Medium
College District,Monsoon,7,31.223148,75.756062,230.02,31.51,83.03,3376.16,6.35,243.75,Mixed Use,Loam,5789.62,1,0,1,1.404612276565461,55.74,Medium
College District,Post-Monsoon,10,31.232122,75.759324,50.82,30.25,56.49,1866.19,3.02,246.12,Mixed Use,Loam,5912.24,1,0,0,1.4164449126090544,34.93,Low
College District,Monsoon,6,31.233055,75.760228,186.54,30.74,85.47,3003.72,5.7,242.95,Mixed Use,Loam,6606.61,1,1,1,1.422764763281243,66.16,Medium
College District,Post-Monsoon,11,31.232933,75.760079,53.42,31.07,44.09,1987.89,3.87,242.92,Mixed Use,Loam,6048.97,0,0,0,1.423309719029738,29.62,Low
College District,Winter,12,31.233304,75.76046,38.59,16.92,65.32,1965.86,3.52,250.32,Mixed Use,Loam,6008.65,1,0,1,1.427205872254014,35.92,Low
Railway Colony,Winter,12,31.23459,75.762317,3.62,19.24,59.28,2218.1,2.69,238.18,Built-up,Silt Loam,7132.29,1,0,0,1.4273107387447082,34.43,Low
Industrial Belt,Winter,2,31.215,75.781539,60.31,13.21,57.92,2621.91,3.07,247.91,Industrial,Clay Loam,6382.24,1,0,0,1.4298099757228449,38.2,Low
Railway Colony,Winter,2,31.214032,75.761232,54.24,17.34,48.39,2060.58,3.72,242.18,Built-up,Silt Loam,7310.33,1,1,1,1.4340007405655764,53.26,Medium
College District,Winter,2,31.23674,75.768298,63.48,17.43,77.27,1745.4,4.0,247.65,Mixed Use,Loam,5684.82,1,0,0,1.4364593333406266,37.28,Low
College District,Monsoon,9,31.233613,75.760681,125.44,30.1,79.64,2603.86,4.32,246.8,Mixed Use,Loam,7020.53,0,0,1,1.43816192408427,37.3,Low
Industrial Belt,Winter,1,31.214446,75.78112,33.85,12.87,72.72,2109.9,3.74,252.26,Industrial,Clay Loam,5170.39,1,0,0,1.4462588298006194,35.42,Low
College District,Pre-Monsoon,5,31.232196,75.75887,70.57,41.69,60.95,2263.85,3.58,249.77,Mixed Use,Loam,5782.71,0,0,0,1.4551005518329356,30.14,Low
Industrial Belt,Monsoon,8,31.212279,75.77789,242.71,32.26,72.65,3475.99,6.84,249.46,Industrial,Clay Loam,5278.61,1,1,1,1.4673782810266887,71.1,Critical
College District,Winter,2,31.237023,75.76771,64.08,17.76,61.0,2254.26,2.68,249.88,Mixed Use,Loam,7916.23,1,0,0,1.4775955319716887,38.62,Low
College District,Winter,2,31.233139,75.759449,46.67,17.33,58.34,1868.34,3.45,246.75,Mixed Use,Loam,5605.06,1,0,0,1.4824152405667732,35.33,Low
College District,Winter,12,31.232493,75.758621,1.56,15.28,51.64,1851.08,2.87,254.34,Mixed Use,Loam,5454.29,0,1,0,1.494280043873032,37.43,Low
College District,Monsoon,8,31.23496,75.761658,227.63,34.93,85.18,3447.27,6.6,248.26,Mixed Use,Loam,5776.36,0,0,1,1.4969324168051634,48.39,Medium
College District,Pre-Monsoon,5,31.22898,75.756007,79.93,41.14,31.85,2221.73,3.72,252.03,Mixed Use,Loam,6921.41,0,1,1,1.511675854459177,46.43,Medium
Railway Colony,Winter,2,31.216332,75.757662,43.56,21.88,66.54,2258.73,3.88,241.91,Built-up,Silt Loam,7390.66,1,1,0,1.5125452195782343,53.75,Medium
Canal Edge,Post-Monsoon,11,31.228151,75.786037,88.89,31.28,65.23,2923.49,4.36,236.0,Agricultural,Alluvial,3549.71,0,0,1,1.5205720609012658,31.57,Low
City Centre,Monsoon,6,31.231515,75.784201,164.25,30.58,75.69,3111.4,4.69,241.87,Built-up,Loam,8984.01,1,0,1,1.5237861201194023,52.24,Medium
Industrial Belt,Post-Monsoon,11,31.212565,75.779648,21.21,27.93,67.35,2478.73,3.55,238.86,Industrial,Clay Loam,5248.96,1,1,0,1.5246916297260387,49.43,Medium
College District,Post-Monsoon,10,31.235191,75.761533,80.88,31.44,52.88,2538.65,3.85,246.86,Mixed Use,Loam,5439.47,1,1,0,1.5247541506142785,53.56,Medium
College District,Monsoon,8,31.236279,75.763623,217.53,34.29,78.26,3525.43,6.34,246.11,Mixed Use,Loam,6300.37,1,1,1,1.526397023924946,70.2,Critical
Industrial Belt,Pre-Monsoon,5,31.21729,75.784823,72.37,38.79,42.52,2654.36,3.52,249.75,Industrial,Clay Loam,4284.76,0,0,0,1.5280136191840223,29.03,Low
College District,Winter,12,31.236931,75.765352,30.43,14.46,65.7,1893.05,3.89,247.11,Mixed Use,Loam,6659.2,1,0,0,1.528324004351523,37.12,Low
College District,Monsoon,6,31.234025,75.759691,223.11,30.58,76.56,3886.18,6.22,254.19,Mixed Use,Loam,4991.05,0,0,1,1.5356893986704505,47.32,Medium
Industrial Belt,Pre-Monsoon,4,31.213142,75.780792,66.77,35.86,73.61,2374.92,3.31,241.56,Industrial,Clay Loam,5366.48,0,1,0,1.5364035445706812,43.02,Medium
College District,Winter,2,31.236917,75.765031,18.83,21.03,75.03,2103.93,2.45,246.27,Mixed Use,Loam,7078.93,1,0,0,1.5374822713045457,34.23,Low
College District,Monsoon,7,31.234761,75.760594,139.67,28.92,92.5,2735.18,5.7,247.67,Mixed Use,Loam,5876.61,0,0,1,1.5406096722212892,40.07,Medium
College District,Pre-Monsoon,4,31.234582,75.760271,44.88,36.74,50.63,2040.11,2.5,247.19,Mixed Use,Loam,6416.9,1,1,0,1.5449248319802704,48.56,Medium
College District,Winter,1,31.236346,75.763157,43.03,21.06,51.98,2133.01,3.71,247.35,Mixed Use,Loam,5810.66,0,0,0,1.553294000303077,28.77,Low
Railway Colony,Post-Monsoon,10,31.229274,75.755672,38.71,30.33,63.97,2049.22,2.92,246.45,Built-up,Silt Loam,6854.63,0,0,0,1.553401815604548,27.9,Low
College District,Winter,1,31.236509,75.763507,17.46,20.04,61.35,1615.86,2.63,243.81,Mixed Use,Loam,7193.08,1,0,0,1.5542050607969367,33.46,Low
College District,Monsoon,7,31.2348,75.760173,158.87,30.28,89.01,2502.94,4.58,247.2,Mixed Use,Loam,5410.98,0,0,1,1.5694482688296907,37.08,Low
College District,Monsoon,9,31.235738,75.76154,145.12,35.45,81.08,3270.83,5.49,245.21,Mixed Use,Loam,5844.76,1,0,1,1.574412103058118,49.23,Medium
Industrial Belt,Pre-Monsoon,4,31.210131,75.77428,63.83,40.43,40.11,2115.25,4.23,249.85,Industrial,Clay Loam,5720.73,1,0,0,1.577269811100802,38.88,Low
College District,Winter,1,31.236785,75.763346,21.02,16.8,72.5,1810.35,2.91,246.46,Mixed Use,Loam,6200.86,1,0,0,1.5885004223570627,33.43,Low
Industrial Belt,Monsoon,6,31.216409,75.785079,206.78,30.35,94.6,3116.42,6.34,250.98,Industrial,Clay Loam,5324.47,1,1,1,1.5987926170308326,67.21,Medium
Industrial Belt,Monsoon,8,31.211125,75.778358,204.27,32.2,72.39,3167.97,5.85,240.62,Industrial,Clay Loam,4981.51,1,0,1,1.6019183599700442,51.57,Medium
College District,Pre-Monsoon,5,31.237683,75.76539,37.66,41.07,48.52,1736.18,3.24,247.29,Mixed Use,Loam,6900.0,1,1,0,1.6060815617074558,49.84,Medium
College District,Monsoon,7,31.235035,75.759855,173.3,35.31,76.77,3290.69,6.21,245.02,Mixed Use,Loam,5774.41,1,0,1,1.6089212232730965,52.32,Medium
College District,Monsoon,7,31.237578,75.764446,217.47,25.76,86.33,3311.66,5.74,249.18,Mixed Use,Loam,6697.84,1,0,1,1.6261926653288972,54.75,Medium
Industrial Belt,Winter,12,31.211436,75.779682,131.69,17.23,66.28,2862.05,5.21,246.92,Industrial,Clay Loam,5325.95,1,1,1,1.6325298502638452,60.07,Medium
Canal Edge,Winter,3,31.233879,75.783508,19.89,21.47,64.65,2242.29,4.0,244.32,Agricultural,Alluvial,2530.84,0,0,0,1.6330085612734386,24.01,Low
College District,Post-Monsoon,11,31.236455,75.761681,0.0,25.32,50.44,1440.09,2.71,248.77,Mixed Use,Loam,6592.43,1,0,0,1.6339570486337887,31.46,Low
College District,Pre-Monsoon,5,31.236451,75.761497,97.13,40.88,52.11,2070.42,4.09,248.68,Mixed Use,Loam,5156.01,0,1,1,1.6429327867982864,45.3,Medium
College District,Winter,2,31.235622,75.759915,88.36,20.46,70.17,2295.41,3.87,242.92,Mixed Use,Loam,6408.13,0,0,1,1.6556631595754565,32.69,Low
Industrial Belt,Monsoon,9,31.213603,75.783337,237.89,33.72,99.0,3473.64,7.47,244.25,Industrial,Clay Loam,5923.97,1,1,1,1.6606792777282582,73.27,Critical
College District,Monsoon,9,31.232598,75.756414,205.13,29.8,71.92,3166.35,6.09,247.03,Mixed Use,Loam,5922.24,0,0,1,1.6688675644174593,45.5,Medium
Industrial Belt,Monsoon,7,31.21302,75.782768,225.1,33.74,99.0,3828.66,6.82,246.46,Industrial,Clay Loam,4744.17,1,0,1,1.6690930497382874,56.37,Medium
Industrial Belt,Monsoon,6,31.211679,75.780864,177.37,29.85,79.53,2878.27,6.19,248.17,Industrial,Clay Loam,4944.13,1,1,1,1.6711950004175717,64.21,Medium
Railway Colony,Monsoon,6,31.237374,75.762756,146.06,32.13,87.57,2656.99,5.07,245.59,Built-up,Silt Loam,8097.4,0,0,0,1.6722738239952086,41.78,Medium
Canal Edge,Winter,12,31.232531,75.785584,29.95,19.88,68.73,2204.07,3.63,241.71,Agricultural,Alluvial,2536.07,1,1,1,1.6958456394927317,45.53,Medium
College District,Post-Monsoon,11,31.235368,75.75886,81.81,28.65,64.51,2467.56,3.68,251.82,Mixed Use,Loam,5406.66,0,1,0,1.6990363779462165,44.96,Medium
College District,Winter,12,31.228928,75.753886,29.67,16.16,60.5,1788.95,3.38,247.61,Mixed Use,Loam,5307.91,0,0,0,1.6990657709381924,25.69,Low
Industrial Belt,Winter,12,31.213964,75.784281,14.56,20.58,57.42,2082.73,3.21,245.7,Industrial,Clay Loam,5619.02,1,0,0,1.6996307603865715,33.74,Low
College District,Winter,2,31.236675,75.760735,15.77,15.45,51.67,2131.74,2.44,253.18,Mixed Use,Loam,6241.3,0,1,0,1.7035959521053634,38.95,Low
Industrial Belt,Post-Monsoon,10,31.211954,75.781875,53.43,26.8,63.98,2609.33,3.66,239.55,Industrial,Clay Loam,4696.24,1,0,1,1.703906696750005,36.88,Low
College District,Winter,3,31.232313,75.755745,31.38,20.45,54.21,1813.18,2.43,251.29,Mixed Use,Loam,5839.97,1,1,0,1.703996390592089,46.3,Medium
Industrial Belt,Winter,12,31.213543,75.783928,2.52,19.56,79.77,2097.28,3.55,241.04,Industrial,Clay Loam,5553.61,1,0,0,1.706015124640069,33.91,Low
Industrial Belt,Post-Monsoon,10,31.216112,75.786191,64.29,32.66,59.68,2480.53,3.32,242.44,Industrial,Clay Loam,5536.85,1,1,1,1.706260466890444,51.44,Medium
Industrial Belt,Monsoon,9,31.21248,75.782662,141.72,34.1,82.59,2921.4,4.96,245.25,Industrial,Clay Loam,4819.06,0,0,1,1.7068284543156653,37.42,Low
College District,Winter,1,31.236633,75.760525,0.81,18.4,59.3,1429.87,1.87,242.53,Mixed Use,Loam,5658.57,1,1,0,1.711056048275173,42.16,Medium
College District,Winter,12,31.237447,75.761998,0.0,13.95,66.54,1184.23,2.32,248.57,Mixed Use,Loam,6170.18,0,0,0,1.7135190902477129,21.25,Low
College District,Monsoon,9,31.231442,75.754933,162.5,28.98,72.45,2847.0,5.34,241.31,Mixed Use,Loam,5869.87,0,1,1,1.7207440219731045,54.64,Medium
Industrial Belt,Post-Monsoon,11,31.211724,75.781947,69.29,25.14,53.02,2278.15,4.38,242.73,Industrial,Clay Loam,5108.89,0,1,1,1.7282754231590243,45.1,Medium
Canal Edge,Post-Monsoon,10,31.233091,75.785619,97.63,26.77,58.7,2794.08,5.27,236.0,Agricultural,Alluvial,2244.82,1,0,1,1.734146184933951,40.02,Medium
Industrial Belt,Pre-Monsoon,5,31.212638,75.783321,65.13,37.42,45.65,2125.35,4.08,244.65,Industrial,Clay Loam,5846.97,1,1,0,1.736048237155821,52.79,Medium
College District,Winter,12,31.229258,75.753399,10.84,17.72,52.74,2112.35,3.22,247.89,Mixed Use,Loam,5149.8,1,1,0,1.754841381260456,47.0,Medium
Industrial Belt,Monsoon,7,31.208716,75.775449,185.07,32.29,61.24,3375.19,5.79,241.14,Industrial,Clay Loam,6102.94,1,1,1,1.7560648403370178,66.59,Medium
College District,Winter,1,31.237162,75.760549,14.6,17.2,66.97,1575.04,3.11,255.47,Mixed Use,Loam,5859.78,0,0,0,1.7584003518296956,24.48,Low
Industrial Belt,Monsoon,9,31.213574,75.784707,196.82,31.41,89.31,3510.19,5.55,241.15,Industrial,Clay Loam,5552.83,1,0,1,1.7586713951426298,52.19,Medium
College District,Monsoon,8,31.234303,75.756745,205.34,33.21,86.04,3236.99,5.69,244.35,Mixed Use,Loam,5514.45,1,1,1,1.7602359767179334,66.17,Medium
Industrial Belt,Winter,1,31.209465,75.778158,83.18,17.09,59.19,2526.74,4.58,243.2,Industrial,Clay Loam,5077.13,1,0,1,1.7611807561597566,40.89,Medium
College District,Pre-Monsoon,4,31.229685,75.753496,71.58,34.87,56.0,2259.73,4.88,253.1,Mixed Use,Loam,6362.25,1,1,1,1.7626100011442498,56.11,Medium
College District,Post-Monsoon,10,31.234206,75.75659,13.72,28.51,66.32,1657.34,2.64,244.05,Mixed Use,Loam,5478.57,0,0,0,1.7644952630607627,23.0,Low
Industrial Belt,Winter,2,31.210328,75.780272,56.13,12.4,63.94,2108.16,3.83,240.23,Industrial,Clay Loam,5675.76,1,0,0,1.7670631308708364,37.46,Low
Industrial Belt,Monsoon,6,31.213556,75.784875,155.02,31.85,85.12,3552.32,5.13,245.04,Industrial,Clay Loam,5603.26,1,1,1,1.772027046658661,63.27,Medium
Industrial Belt,Winter,1,31.210937,75.781522,60.02,19.22,50.07,2824.98,3.31,249.35,Industrial,Clay Loam,6064.0,1,1,0,1.7746727625377388,52.86,Medium
Industrial Belt,Monsoon,7,31.20876,75.7765,185.14,35.16,77.86,3271.3,5.22,241.35,Industrial,Clay Loam,4289.54,1,0,1,1.7791904453374532,48.41,Medium
Industrial Belt,Pre-Monsoon,5,31.213597,75.785026,48.63,37.38,63.29,2695.43,3.98,239.83,Industrial,Clay Loam,5718.89,1,1,1,1.7799310725372197,53.07,Medium
Industrial Belt,Winter,1,31.216637,75.787564,59.95,15.7,73.57,2470.4,3.96,246.4,Industrial,Clay Loam,6519.84,0,1,0,1.7920735282270341,46.11,Medium
Industrial Belt,Winter,2,31.211582,75.782886,75.28,15.88,67.04,2489.13,3.63,241.87,Industrial,Clay Loam,6298.87,1,1,0,1.7965444942398578,53.82,Medium
Industrial Belt,Winter,3,31.217043,75.787906,37.42,19.96,57.73,2245.87,3.63,243.46,Industrial,Clay Loam,5662.95,1,1,0,1.8012147251955246,50.39,Medium
College District,Winter,12,31.234117,75.755983,58.34,15.06,62.72,1851.3,3.05,246.03,Mixed Use,Loam,6210.13,0,1,0,1.80287939256288,41.76,Medium
College District,Monsoon,6,31.237097,75.759588,138.74,34.99,75.43,3008.19,4.56,245.81,Mixed Use,Loam,6688.53,0,1,1,1.804809419958178,53.16,Medium
College District,Post-Monsoon,11,31.235509,75.757369,28.77,30.52,53.18,1645.69,3.54,249.24,Mixed Use,Loam,5747.3,1,0,0,1.8079259417915248,34.26,Low
Industrial Belt,Pre-Monsoon,4,31.211016,75.782282,71.17,34.95,48.71,2359.45,3.73,242.89,Industrial,Clay Loam,6165.99,1,0,1,1.8101438920847286,39.33,Low
Industrial Belt,Post-Monsoon,11,31.214909,75.786613,30.46,30.34,49.62,2039.92,4.04,240.24,Industrial,Clay Loam,5965.34,0,0,1,1.8118984540002536,28.9,Low
Industrial Belt,Winter,12,31.208799,75.777779,57.44,15.33,52.26,2192.63,4.06,246.42,Industrial,Clay Loam,4510.84,1,1,1,1.8158986575759177,50.67,Medium
College District,Post-Monsoon,11,31.238474,75.761687,82.61,29.24,53.66,2594.51,3.51,246.52,Mixed Use,Loam,6241.18,0,0,0,1.8278550113362846,32.1,Low
College District,Winter,12,31.233854,75.755361,85.25,17.92,52.28,2233.26,3.95,244.48,Mixed Use,Loam,6971.57,1,1,0,1.8318237871968932,55.35,Medium
Industrial Belt,Winter,2,31.210202,75.781397,38.98,15.39,62.02,2270.06,3.64,250.57,Industrial,Clay Loam,4965.21,1,1,0,1.8356141901162089,49.58,Medium
College District,Pre-Monsoon,5,31.233162,75.75469,28.5,35.73,44.87,1830.12,2.66,250.47,Mixed Use,Loam,4856.66,1,0,0,1.839641439375871,31.38,Low
Industrial Belt,Post-Monsoon,10,31.212703,75.785078,62.62,28.39,56.71,2362.47,3.92,247.11,Industrial,Clay Loam,5335.51,1,0,1,1.8497136083018761,38.2,Low
Industrial Belt,Post-Monsoon,10,31.210469,75.782188,49.28,31.49,64.09,2225.19,3.87,243.79,Industrial,Clay Loam,5408.18,1,0,1,1.8537841343257486,37.15,Low
Industrial Belt,Monsoon,6,31.214196,75.786652,148.77,30.19,89.32,3166.9,5.59,243.77,Industrial,Clay Loam,6160.34,1,0,1,1.8603047727229882,49.82,Medium
College District,Winter,2,31.234476,75.755545,44.58,16.85,67.51,2298.83,3.33,254.31,Mixed Use,Loam,6452.82,1,0,0,1.8603372912172176,37.27,Low
Canal Edge,Pre-Monsoon,5,31.234399,75.78615,142.67,35.14,47.44,2980.58,5.59,237.19,Agricultural,Alluvial,2788.96,0,1,1,1.8620601996426027,50.3,Medium
College District,Monsoon,8,31.237612,75.759171,180.37,29.46,86.42,3079.59,5.75,246.41,Mixed Use,Loam,5114.07,1,0,1,1.8744361793945021,50.08,Medium
College District,Winter,1,31.237974,75.75964,23.39,18.79,62.45,1679.66,2.97,248.93,Mixed Use,Loam,5655.99,0,1,0,1.8815827985745164,38.58,Low
Canal Edge,Monsoon,8,31.234067,75.786758,180.26,32.7,83.06,3648.58,5.78,241.39,Agricultural,Alluvial,3206.7,0,1,1,1.8855654808198077,55.0,Medium
Industrial Belt,Monsoon,7,31.212022,75.784914,170.12,31.06,87.27,3519.73,5.96,244.26,Industrial,Clay Loam,4914.97,1,1,1,1.8908530355690691,64.97,Medium
College District,Winter,2,31.240702,75.766848,0.0,19.49,51.93,1771.67,2.56,245.75,Mixed Use,Loam,6455.54,0,0,0,1.8948088190897485,23.8,Low
Industrial Belt,Winter,2,31.208417,75.779089,8.69,22.73,55.86,2120.13,2.68,244.28,Industrial,Clay Loam,4988.38,1,0,0,1.9036181162839207,31.4,Low
Industrial Belt,Pre-Monsoon,4,31.20951,75.781638,71.43,33.87,45.31,2782.94,4.07,245.58,Industrial,Clay Loam,5230.08,1,0,1,1.9126518790874103,39.97,Low
Canal Edge,Monsoon,6,31.230088,75.789649,222.17,30.46,84.11,4106.8,7.11,246.65,Agricultural,Alluvial,1844.5,1,0,1,1.9158421617136203,53.6,Medium
Industrial Belt,Winter,12,31.212349,75.785712,58.07,16.73,66.76,2328.02,3.1,244.03,Industrial,Clay Loam,4684.63,1,1,1,1.920739716680137,49.0,Medium
Canal Edge,Post-Monsoon,11,31.225369,75.79097,84.83,32.42,71.97,2838.97,4.03,245.71,Agricultural,Alluvial,2126.23,0,1,1,1.9239433100151235,42.35,Medium
Canal Edge,Post-Monsoon,11,31.227089,75.790769,83.32,31.22,59.75,2484.71,4.6,240.86,Agricultural,Alluvial,2998.56,0,1,1,1.9295988505580655,43.92,Medium
College District,Pre-Monsoon,4,31.239173,75.760927,76.11,41.56,51.94,2201.25,2.99,242.33,Mixed Use,Loam,4706.8,0,1,0,1.9307311117937755,41.33,Medium
Industrial Belt,Monsoon,9,31.209703,75.782331,164.45,31.17,76.11,3041.76,5.24,245.83,Industrial,Clay Loam,5249.12,1,0,1,1.9312493014774688,48.15,Medium
College District,Pre-Monsoon,4,31.23408,75.754241,40.93,36.49,67.92,1918.66,2.87,252.03,Mixed Use,Loam,5284.01,0,0,0,1.9326863181245222,25.34,Low
Canal Edge,Monsoon,6,31.234846,75.786789,202.25,31.53,80.49,3465.43,5.9,236.22,Agricultural,Alluvial,2947.28,0,1,1,1.9405467081081418,55.53,Medium
Industrial Belt,Monsoon,7,31.210459,75.783682,178.57,29.81,83.32,3332.66,5.94,251.32,Industrial,Clay Loam,5618.56,1,1,1,1.941071254601551,65.83,Medium
College District,Winter,3,31.233497,75.753626,52.13,19.87,63.0,1860.8,2.95,251.59,Mixed Use,Loam,4917.71,0,0,0,1.9446675994484246,25.42,Low
Canal Edge,Monsoon,7,31.234893,75.786817,221.46,32.33,91.39,4028.74,6.57,242.95,Agricultural,Alluvial,2925.13,0,1,1,1.945881645966675,59.57,Medium
Industrial Belt,Monsoon,6,31.214515,75.788033,206.23,31.52,81.34,3262.91,5.86,243.01,Industrial,Clay Loam,5556.94,1,1,1,1.948796536248946,66.75,Medium
Industrial Belt,Monsoon,9,31.209766,75.78278,197.01,36.36,83.61,3257.83,6.68,246.21,Industrial,Clay Loam,5872.47,0,1,1,1.9501183740991979,60.68,Medium
Industrial Belt,Monsoon,6,31.213571,75.787322,229.25,33.46,81.95,3577.19,7.18,246.71,Industrial,Clay Loam,4355.93,1,0,1,1.9527532859563834,56.22,Medium
Industrial Belt,Winter,2,31.209741,75.782996,85.71,17.16,64.31,2802.71,4.78,242.8,Industrial,Clay Loam,5422.22,1,0,1,1.9644318829624876,42.71,Medium
College District,Post-Monsoon,10,31.237062,75.756681,58.19,25.34,63.56,2038.09,3.42,251.67,Mixed Use,Loam,5432.37,0,0,0,1.9778102003204359,28.05,Low
College District,Monsoon,7,31.23586,75.755288,231.07,31.56,96.32,3431.0,6.87,244.7,Mixed Use,Loam,6173.13,1,0,1,1.9785164578193268,57.72,Medium
Industrial Belt,Winter,12,31.213972,75.788042,63.9,12.46,62.46,2688.32,3.92,242.25,Industrial,Clay Loam,5978.08,0,0,0,1.9828353130790526,32.03,Low
Canal Edge,Monsoon,9,31.230758,75.790134,194.11,34.6,88.16,3954.42,6.42,242.28,Agricultural,Alluvial,2491.21,0,0,1,1.9860200126977605,43.04,Medium
Industrial Belt,Pre-Monsoon,4,31.207814,75.779659,46.93,40.82,70.11,2519.85,4.27,244.3,Industrial,Clay Loam,4320.02,1,1,1,1.9872135467839982,51.25,Medium
Industrial Belt,Monsoon,9,31.211062,75.785244,187.95,33.46,88.95,3548.92,5.94,244.86,Industrial,Clay Loam,6091.28,1,1,1,1.9890480482720163,67.54,Medium
Industrial Belt,Monsoon,7,31.209665,75.783368,215.24,32.79,77.44,3664.74,7.42,243.94,Industrial,Clay Loam,4949.43,1,1,1,1.9922776144728442,71.16,Critical
College District,Monsoon,7,31.2389,75.7591,232.98,28.15,94.54,3271.88,6.41,246.28,Mixed Use,Loam,5676.58,0,1,1,1.9956273639559325,61.6,Medium
Industrial Belt,Pre-Monsoon,4,31.209022,75.782602,64.02,35.97,47.08,2592.01,3.47,245.25,Industrial,Clay Loam,5885.45,1,1,0,2.0083358729304,52.57,Medium
College District,Post-Monsoon,11,31.236921,75.755957,45.85,31.71,55.45,1809.88,3.36,249.75,Mixed Use,Loam,6967.85,1,0,0,2.01395221001083,36.83,Low
College District,Winter,1,31.242161,75.771065,19.12,15.87,53.87,1906.46,3.46,246.59,Mixed Use,Loam,5759.88,0,0,0,2.019568239556787,26.3,Low
Canal Edge,Post-Monsoon,11,31.231528,75.790225,107.49,34.75,64.86,2959.95,4.93,246.59,Agricultural,Alluvial,2710.52,0,0,1,2.0278427894660345,32.78,Low
College District,Monsoon,9,31.240181,75.760913,212.33,32.76,95.71,3475.97,6.95,251.15,Mixed Use,Loam,4726.26,0,0,1,2.0300212055790072,47.07,Medium
College District,Monsoon,9,31.235515,75.754225,143.67,29.9,87.58,2711.27,5.08,245.47,Mixed Use,Loam,5942.36,0,0,1,2.030563243039218,38.82,Low
Peri-Urban Farms,Monsoon,7,31.237988,75.756999,245.75,27.6,73.25,3970.19,6.59,247.86,Agricultural,Sandy Loam,2793.18,1,0,1,2.0349827577762345,54.49,Medium
Industrial Belt,Pre-Monsoon,4,31.20828,75.781838,81.17,32.26,50.48,2515.59,4.13,248.96,Industrial,Clay Loam,4609.73,1,0,0,2.0389344770810864,39.02,Low
Industrial Belt,Monsoon,9,31.210041,75.784798,181.77,26.56,85.96,3402.78,6.13,239.32,Industrial,Clay Loam,5819.26,1,1,1,2.0447901372049784,66.92,Medium
College District,Winter,2,31.239002,75.758278,21.17,16.98,63.84,1662.59,3.54,249.71,Mixed Use,Loam,5375.38,1,0,0,2.0494475228303837,33.4,Low
Canal Edge,Post-Monsoon,10,31.230525,75.791022,76.7,30.39,75.49,2826.09,4.7,241.3,Agricultural,Alluvial,2639.93,1,1,1,2.055138090646554,52.24,Medium
Canal Edge,Winter,2,31.232355,75.790105,7.44,19.57,67.32,2252.8,2.54,248.25,Agricultural,Alluvial,2704.25,0,1,0,2.057305541689731,34.15,Low
College District,Winter,2,31.239173,75.758404,15.06,19.74,55.37,1635.1,2.54,244.25,Mixed Use,Loam,6560.18,0,0,0,2.0580690030243534,24.28,Low
Peri-Urban Farms,Monsoon,9,31.231882,75.751093,174.53,29.12,79.6,3056.13,4.94,249.72,Agricultural,Sandy Loam,1973.04,1,1,1,2.0686594406531054,57.38,Medium
Industrial Belt,Monsoon,8,31.207301,75.780644,192.09,30.35,75.57,3778.78,4.91,246.79,Industrial,Clay Loam,5098.57,1,0,1,2.079472981680337,50.49,Medium
Canal Edge,Post-Monsoon,11,31.234905,75.788725,67.89,27.58,58.26,2220.13,4.37,242.81,Agricultural,Alluvial,3652.29,1,1,0,2.091692247208151,50.81,Medium
Industrial Belt,Winter,12,31.208726,75.783798,43.98,21.27,66.07,2407.6,3.71,244.86,Industrial,Clay Loam,4921.76,1,0,0,2.1005624639634495,36.3,Low
Peri-Urban Farms,Monsoon,9,31.235296,75.75309,191.2,30.66,81.61,3302.25,6.48,251.93,Agricultural,Sandy Loam,2505.6,0,1,1,2.1007686172815436,55.31,Medium
College District,Post-Monsoon,10,31.239953,75.758961,24.98,25.59,57.78,1670.13,3.03,243.09,Mixed Use,Loam,6428.47,1,0,0,2.100901703704018,33.87,Low
Canal Edge,Monsoon,8,31.23389,75.789674,216.11,34.2,87.38,3992.64,6.24,238.17,Agricultural,Alluvial,4149.17,0,1,1,2.1047469441014326,60.13,Medium
Industrial Belt,Winter,12,31.206983,75.780563,12.84,18.87,85.25,2330.79,3.39,243.7,Industrial,Clay Loam,4139.81,1,0,0,2.107703668335084,32.68,Low
Industrial Belt,Winter,12,31.210494,75.786425,65.51,17.43,64.88,2240.45,3.55,246.69,Industrial,Clay Loam,5689.21,1,0,0,2.1126213803748755,37.63,Low
Canal Edge,Monsoon,8,31.237257,75.786722,227.06,32.17,77.36,3909.21,6.44,240.84,Agricultural,Alluvial,4499.75,1,0,1,2.1130198059737277,55.43,Medium
College District,Pre-Monsoon,4,31.242113,75.763989,54.06,37.48,49.89,1885.13,2.51,246.04,Mixed Use,Loam,6133.89,1,0,0,2.115621891459978,34.23,Low
Canal Edge,Pre-Monsoon,5,31.236799,75.787479,93.36,37.68,44.96,2844.4,4.85,243.15,Agricultural,Alluvial,3470.63,1,1,1,2.1308267866165567,54.64,Medium
Industrial Belt,Winter,1,31.206904,75.780943,68.52,11.75,74.45,2804.67,4.0,245.96,Industrial,Clay Loam,5763.03,1,1,1,2.1316995479585006,54.46,Medium
Canal Edge,Monsoon,9,31.22977,75.792257,206.27,31.71,88.19,3720.75,5.9,244.55,Agricultural,Alluvial,3065.58,0,0,1,2.1387448278029186,42.58,Medium
Industrial Belt,Winter,12,31.209969,75.786191,72.14,20.71,69.88,2250.46,4.68,248.3,Industrial,Clay Loam,5789.73,1,1,1,2.139228588976986,54.84,Medium
Industrial Belt,Pre-Monsoon,5,31.206122,75.779113,111.33,36.23,45.61,3108.93,5.31,245.81,Industrial,Clay Loam,5104.17,1,0,1,2.139362727900984,45.64,Medium
Industrial Belt,Pre-Monsoon,4,31.208446,75.784136,55.0,37.26,54.46,2225.28,4.01,241.96,Industrial,Clay Loam,5803.24,1,1,0,2.1446647018485367,52.33,Medium
College District,Post-Monsoon,11,31.233097,75.750908,100.28,33.59,67.23,2623.75,4.1,247.86,Mixed Use,Loam,5680.41,1,0,0,2.1449027500516684,41.69,Medium
Canal Edge,Monsoon,6,31.231462,75.791651,193.42,33.22,95.21,3224.97,6.56,245.35,Agricultural,Alluvial,2931.83,1,1,1,2.149226449219678,64.01,Medium
Industrial Belt,Pre-Monsoon,4,31.210947,75.787572,113.14,36.63,43.37,2864.23,4.5,242.35,Industrial,Clay Loam,5880.56,0,0,1,2.156486050969598,36.22,Low
Industrial Belt,Monsoon,6,31.209263,75.78555,200.6,29.62,81.15,3513.32,6.18,237.4,Industrial,Clay Loam,5141.64,1,1,1,2.157016394486939,67.32,Medium
Peri-Urban Farms,Post-Monsoon,11,31.231719,75.749986,25.62,29.39,61.7,2213.46,3.05,254.77,Agricultural,Sandy Loam,1688.06,1,0,0,2.157189275231822,28.75,Low
Industrial Belt,Winter,12,31.207848,75.783465,60.4,14.6,64.48,2319.24,3.99,244.44,Industrial,Clay Loam,5234.14,1,0,1,2.162464202841351,38.0,Low
College District,Post-Monsoon,11,31.22272,75.747936,91.13,28.7,73.81,2191.33,4.38,247.79,Mixed Use,Loam,5686.97,1,0,1,2.1787612958219245,40.76,Medium
Industrial Belt,Winter,2,31.209732,75.786635,27.6,21.67,63.58,2429.63,3.07,244.86,Industrial,Clay Loam,5363.94,1,1,0,2.1873743831557806,48.63,Medium
Canal Edge,Pre-Monsoon,5,31.237816,75.787363,104.28,36.05,59.62,2738.65,4.34,236.0,Agricultural,Alluvial,2082.67,1,1,1,2.2000467486606494,51.74,Medium
Industrial Belt,Winter,12,31.20911,75.786066,43.09,16.62,53.64,2715.5,3.71,245.66,Industrial,Clay Loam,4950.19,1,1,0,2.202006407908675,51.12,Medium
Peri-Urban Farms,Monsoon,9,31.235922,75.752172,168.36,26.95,79.61,2741.43,5.5,249.27,Agricultural,Sandy Loam,800.0,1,0,1,2.2123510907463246,41.94,Medium
Industrial Belt,Pre-Monsoon,4,31.20638,75.781642,82.33,39.33,47.9,2335.17,5.58,241.49,Industrial,Clay Loam,5465.09,1,1,1,2.213983538657714,57.28,Medium
College District,Pre-Monsoon,4,31.239744,75.756427,55.36,35.54,46.83,1863.11,3.4,248.36,Mixed Use,Loam,5701.09,1,1,0,2.2208881215399408,49.77,Medium
Canal Edge,Monsoon,7,31.240148,75.784761,221.06,32.55,70.07,4112.79,7.09,245.96,Agricultural,Alluvial,3479.29,1,1,1,2.2329600957415736,69.8,Medium
Industrial Belt,Pre-Monsoon,5,31.206033,75.781307,65.18,40.14,45.97,2863.72,3.42,248.65,Industrial,Clay Loam,4973.28,1,0,0,2.233770814437093,37.96,Low
College District,Monsoon,7,31.239107,75.755303,164.99,29.87,88.32,2961.83,4.8,242.1,Mixed Use,Loam,6440.69,0,1,1,2.2344774902161015,54.58,Medium
Peri-Urban Farms,Monsoon,6,31.238727,75.754728,182.6,35.19,80.69,3596.34,6.02,248.21,Agricultural,Sandy Loam,1609.76,1,0,1,2.2398273869259064,47.31,Medium
Industrial Belt,Monsoon,6,31.207565,75.78443,169.66,27.56,94.06,3842.69,5.46,239.38,Industrial,Clay Loam,3946.0,1,1,1,2.2404802791917993,63.25,Medium
Industrial Belt,Winter,1,31.206794,75.783198,54.44,17.55,68.81,2044.46,3.92,247.82,Industrial,Clay Loam,5716.43,1,1,0,2.2473254911296747,51.47,Medium
Canal Edge,Post-Monsoon,10,31.232693,75.792186,107.46,26.19,57.65,3324.45,5.25,240.75,Agricultural,Alluvial,3286.8,1,1,1,2.2515117546367334,57.33,Medium
Canal Edge,Monsoon,9,31.23587,75.790038,186.68,31.93,80.56,3230.88,6.49,245.91,Agricultural,Alluvial,2897.91,0,1,1,2.2556649180289594,55.47,Medium
Industrial Belt,Pre-Monsoon,5,31.210076,75.788063,46.16,38.82,56.96,2865.9,3.34,243.06,Industrial,Clay Loam,5025.76,1,0,0,2.2565681198254897,36.89,Low
College District,Winter,12,31.243752,75.765248,2.31,18.58,62.97,1540.83,2.54,248.47,Mixed Use,Loam,5499.37,1,0,0,2.2588673415318614,29.91,Low
Canal Edge,Winter,1,31.230253,75.793404,31.87,17.16,76.73,2737.28,4.26,244.75,Agricultural,Alluvial,2283.82,0,1,1,2.25896650173203,40.21,Medium
College District,Monsoon,9,31.242186,75.760141,221.33,34.93,87.0,3313.98,5.75,252.01,Mixed Use,Loam,5941.97,0,0,1,2.2619302653007063,45.91,Medium
College District,Pre-Monsoon,4,31.239885,75.755892,63.23,39.1,62.28,2229.88,4.23,243.65,Mixed Use,Loam,7458.29,1,0,0,2.264751690394713,41.59,Medium
Peri-Urban Farms,Pre-Monsoon,4,31.239355,75.755087,71.06,32.16,39.1,2838.93,3.38,256.99,Agricultural,Sandy Loam,1192.84,1,0,0,2.2687518073192736,32.79,Low
Industrial Belt,Winter,2,31.2067,75.783462,53.98,18.89,80.85,2132.98,4.13,244.73,Industrial,Clay Loam,4378.79,1,0,0,2.2694508783929486,36.32,Low
Industrial Belt,Monsoon,7,31.209816,75.78797,202.42,30.4,74.39,3539.12,6.27,247.31,Industrial,Clay Loam,5488.79,1,1,1,2.2701339303906316,68.18,Medium
Canal Edge,Winter,3,31.234278,75.791462,57.09,16.6,63.71,3017.61,3.22,241.18,Agricultural,Alluvial,3887.64,1,0,1,2.2728381889045313,35.96,Low
Canal Edge,Pre-Monsoon,5,31.23735,75.788993,87.68,32.67,57.38,3005.13,5.66,240.63,Agricultural,Alluvial,2749.84,0,0,1,2.2794420707698095,33.72,Low
Industrial Belt,Monsoon,8,31.205957,75.782219,188.79,27.88,76.79,3265.03,5.49,245.54,Industrial,Clay Loam,6177.81,1,0,1,2.2813173049028226,51.86,Medium
Canal Edge,Monsoon,9,31.233391,75.792223,186.96,33.22,98.49,3682.98,5.78,243.19,Agricultural,Alluvial,4677.86,1,1,1,2.2890314262335485,65.48,Medium
Industrial Belt,Monsoon,9,31.206491,75.783518,200.25,34.87,85.29,3710.75,6.51,246.18,Industrial,Clay Loam,5626.16,1,1,1,2.291989327635167,69.3,Medium
Canal Edge,Winter,1,31.239778,75.786317,85.77,25.42,47.13,2925.04,3.68,243.49,Agricultural,Alluvial,2965.6,1,1,1,2.2923170941131166,50.96,Medium
College District,Post-Monsoon,10,31.243677,75.763448,22.53,32.35,53.76,1944.14,2.52,250.66,Mixed Use,Loam,5233.05,0,0,0,2.296930315354709,23.57,Low
Industrial Belt,Post-Monsoon,10,31.208524,75.786936,27.87,28.33,49.29,2114.17,2.57,245.85,Industrial,Clay Loam,5645.68,1,1,0,2.3056278912616475,46.99,Medium
Canal Edge,Winter,12,31.236113,75.790586,101.66,17.84,58.08,2717.58,3.91,238.15,Agricultural,Alluvial,3760.61,0,0,0,2.313743128422225,30.87,Low
Canal Edge,Monsoon,7,31.234113,75.792124,196.47,30.96,88.66,3640.32,6.78,240.38,Agricultural,Alluvial,2236.54,0,0,1,2.318509418289937,42.83,Medium
Canal Edge,Monsoon,8,31.234345,75.792002,195.92,25.69,84.88,3645.55,6.41,249.37,Agricultural,Alluvial,3906.39,1,1,1,2.321046118648314,66.26,Medium
Industrial Belt,Post-Monsoon,11,31.208012,75.78659,96.4,29.75,44.88,2381.12,5.13,245.41,Industrial,Clay Loam,4904.57,1,1,1,2.3270627372020094,56.24,Medium
Canal Edge,Winter,2,31.234697,75.791838,55.56,15.99,67.69,2754.46,3.62,241.98,Agricultural,Alluvial,3664.24,1,0,1,2.3272712516830256,35.83,Low
Industrial Belt,Winter,3,31.213188,75.791758,45.15,23.78,60.36,2081.22,3.06,252.16,Industrial,Clay Loam,5932.64,1,0,0,2.327510455241481,35.35,Low
Industrial Belt,Winter,1,31.21107,75.790053,44.03,18.81,66.38,2183.09,3.34,243.14,Industrial,Clay Loam,6146.68,1,0,0,2.3279081533111405,36.54,Low
Peri-Urban Farms,Winter,2,31.240292,75.755332,7.29,13.95,58.5,1503.98,2.19,254.18,Agricultural,Sandy Loam,1797.28,0,0,0,2.333408130510132,16.03,Low
Canal Edge,Post-Monsoon,11,31.239663,75.787233,101.6,30.43,61.94,2819.8,4.71,241.63,Agricultural,Alluvial,3049.06,1,0,1,2.3397837080642807,40.06,Medium
Industrial Belt,Winter,1,31.209027,75.788101,9.98,14.35,68.17,2479.17,3.63,237.36,Industrial,Clay Loam,6323.7,1,1,0,2.3406849337688302,50.57,Medium
Industrial Belt,Monsoon,6,31.20853,75.78761,201.6,30.59,98.64,3992.58,6.23,244.22,Industrial,Clay Loam,5157.26,1,1,1,2.3482832185604607,68.79,Medium
Peri-Urban Farms,Monsoon,6,31.239358,75.753775,222.57,29.56,83.74,3248.2,5.93,252.18,Agricultural,Sandy Loam,2039.26,0,0,1,2.3530137395413067,40.77,Medium
Canal Edge,Post-Monsoon,10,31.233287,75.793114,63.19,26.89,74.48,2430.25,4.51,241.93,Agricultural,Alluvial,3072.5,0,1,1,2.3596547045972347,42.66,Medium
College District,Pre-Monsoon,5,31.244023,75.762448,116.54,39.42,51.27,2576.59,4.96,245.93,Mixed Use,Loam,5808.82,0,0,1,2.363828893358345,36.62,Low
Peri-Urban Farms,Monsoon,7,31.239922,75.754308,215.79,29.94,82.87,3795.81,6.13,249.58,Agricultural,Sandy Loam,2721.75,1,0,1,2.3650134948964587,51.32,Medium
Industrial Belt,Post-Monsoon,10,31.212557,75.791783,77.15,30.47,55.88,2533.65,3.85,242.16,Industrial,Clay Loam,4668.8,1,0,1,2.3665257051414454,38.28,Low
Peri-Urban Farms,Post-Monsoon,10,31.236481,75.750608,78.78,24.45,59.49,2129.01,4.64,247.95,Agricultural,Sandy Loam,800.0,1,1,1,2.368973496406081,47.76,Medium
Peri-Urban Farms,Winter,3,31.235168,75.749558,33.26,17.88,64.98,2317.69,3.28,256.47,Agricultural,Sandy Loam,1723.52,1,0,0,2.37096629350782,30.01,Low
Canal Edge,Monsoon,7,31.232659,75.793663,213.68,29.14,95.77,3999.53,6.76,248.28,Agricultural,Alluvial,2125.72,1,1,1,2.3775801666752594,66.44,Medium
Canal Edge,Monsoon,7,31.239057,75.788603,232.04,33.72,77.68,3909.72,6.11,245.93,Agricultural,Alluvial,4442.27,1,1,1,2.3808496843608404,68.8,Medium
Peri-Urban Farms,Post-Monsoon,10,31.230131,75.746753,93.88,30.23,52.25,2572.47,3.18,249.99,Agricultural,Sandy Loam,2424.67,0,0,0,2.3859759960294324,26.47,Low
Industrial Belt,Monsoon,6,31.211543,75.791272,177.11,34.88,85.49,3459.61,5.74,242.88,Industrial,Clay Loam,5289.77,1,1,1,2.3892613747562903,65.15,Medium
Industrial Belt,Monsoon,6,31.211968,75.791691,212.17,35.6,80.15,3990.85,6.63,255.45,Industrial,Clay Loam,4624.89,1,0,1,2.395118033032893,55.52,Medium
Canal Edge,Pre-Monsoon,4,31.233076,75.793669,68.4,36.76,50.92,2452.03,4.4,242.82,Agricultural,Alluvial,2066.08,1,0,1,2.397245823877301,35.3,Low
Canal Edge,Winter,3,31.235104,75.792431,11.8,17.51,68.47,1823.11,3.61,244.1,Agricultural,Alluvial,2743.7,1,1,0,2.3988823243706103,43.85,Medium
Canal Edge,Monsoon,6,31.234685,75.79281,229.19,31.01,83.89,4039.32,6.83,242.66,Agricultural,Alluvial,2412.38,1,1,1,2.4065134250782507,67.89,Medium
Canal Edge,Winter,3,31.235475,75.792316,22.68,14.25,57.66,2228.63,3.85,244.07,Agricultural,Alluvial,3211.82,1,0,0,2.4110857512312287,32.71,Low
Canal Edge,Winter,1,31.239189,75.789015,13.25,15.85,62.06,2081.21,3.32,246.99,Agricultural,Alluvial,3627.86,1,1,0,2.4190820287036017,45.15,Medium
Industrial Belt,Pre-Monsoon,5,31.21347,75.793061,114.81,39.95,52.86,2733.57,5.22,243.93,Industrial,Clay Loam,4868.12,1,0,1,2.419114563908363,44.26,Medium
Peri-Urban Farms,Winter,3,31.234971,75.748816,96.73,14.34,66.84,2611.49,4.45,256.33,Agricultural,Sandy Loam,2590.29,1,1,1,2.420233929887265,51.99,Medium
Canal Edge,Winter,12,31.231942,75.794523,89.67,16.62,71.17,2471.77,4.56,242.83,Agricultural,Alluvial,3851.24,1,1,1,2.4223891371928143,53.3,Medium
Industrial Belt,Post-Monsoon,10,31.206829,75.786514,46.0,25.84,69.51,1863.06,4.03,243.12,Industrial,Clay Loam,5262.49,1,0,0,2.4245850477566795,36.2,Low
Industrial Belt,Monsoon,7,31.204649,75.782553,179.61,29.9,86.13,3662.07,6.32,245.6,Industrial,Clay Loam,4534.43,0,1,1,2.4247004984544813,58.15,Medium
Industrial Belt,Winter,12,31.206781,75.786453,77.58,18.79,65.91,2812.55,4.35,244.24,Industrial,Clay Loam,6362.29,1,0,0,2.4252258281775223,42.62,Medium
Industrial Belt,Monsoon,9,31.20498,75.783296,203.91,34.5,74.64,3313.7,5.72,244.88,Industrial,Clay Loam,5442.89,1,0,1,2.4259161612299893,52.27,Medium
Canal Edge,Winter,1,31.224858,75.79634,9.18,16.19,75.15,2241.98,1.24,244.36,Agricultural,Alluvial,4346.81,0,1,0,2.4304105248721015,33.39,Low
Industrial Belt,Post-Monsoon,11,31.205713,75.784888,27.46,31.22,58.28,2205.72,3.01,249.76,Industrial,Clay Loam,4830.23,1,0,0,2.4350932687344824,33.13,Low
Peri-Urban Farms,Pre-Monsoon,4,31.241979,75.756113,65.08,35.92,45.67,2220.3,3.72,253.7,Agricultural,Sandy Loam,995.43,0,1,0,2.4385852255672327,37.38,Low
Canal Edge,Pre-Monsoon,4,31.240296,75.787993,71.81,33.27,44.33,2647.79,3.89,243.32,Agricultural,Alluvial,1924.65,1,0,1,2.4404365535345627,34.57,Low
Canal Edge,Post-Monsoon,11,31.236286,75.792149,77.03,25.2,71.2,2567.73,4.06,246.48,Agricultural,Alluvial,3852.84,0,0,0,2.4468029242668234,29.73,Low
Canal Edge,Post-Monsoon,11,31.228842,75.795942,45.0,30.31,64.28,2578.62,2.99,236.81,Agricultural,Alluvial,3531.09,0,1,1,2.450520350168989,39.14,Low
Industrial Belt,Monsoon,6,31.207891,75.788387,175.79,31.52,73.8,3282.52,6.25,239.44,Industrial,Clay Loam,5265.81,1,0,1,2.4506418218715535,51.81,Medium
Canal Edge,Monsoon,8,31.240865,75.787413,235.13,32.92,83.04,3883.7,6.2,238.3,Agricultural,Alluvial,3306.93,1,1,1,2.451888633937875,67.52,Medium
Industrial Belt,Monsoon,8,31.205946,75.785645,191.98,34.61,88.33,3154.13,6.12,249.77,Industrial,Clay Loam,5282.2,1,0,1,2.4541909016656187,51.98,Medium
Peri-Urban Farms,Winter,12,31.238242,75.751063,82.2,21.09,60.17,2206.72,4.63,253.9,Agricultural,Sandy Loam,2013.58,0,0,1,2.4555200430090216,27.81,Low
College District,Winter,1,31.236713,75.749599,22.48,15.37,70.53,1900.59,2.61,248.25,Mixed Use,Loam,5589.68,0,0,0,2.4620881227707083,24.17,Low
Peri-Urban Farms,Winter,3,31.239637,75.752256,72.97,14.67,52.93,2663.27,4.03,251.21,Agricultural,Sandy Loam,1807.23,0,1,0,2.476292671060243,40.84,Medium
Peri-Urban Farms,Winter,3,31.237506,75.750047,14.44,21.25,56.47,2028.5,3.36,251.49,Agricultural,Sandy Loam,905.07,1,0,0,2.4797176925616156,27.35,Low
Canal Edge,Monsoon,8,31.234168,75.794022,215.24,30.24,86.61,4034.4,6.61,243.11,Agricultural,Alluvial,2978.99,0,0,1,2.48065643886927,45.45,Medium
Peri-Urban Farms,Winter,1,31.24279,75.756676,0.0,14.39,57.18,1264.64,3.32,253.29,Agricultural,Sandy Loam,1780.53,0,1,0,2.483696359367502,31.72,Low
Peri-Urban Farms,Winter,3,31.239545,75.75203,54.4,19.38,62.28,1767.91,3.9,250.02,Agricultural,Sandy Loam,2153.56,0,1,0,2.484510906477366,37.7,Low
Canal Edge,Post-Monsoon,10,31.233112,75.794717,76.62,30.38,58.4,2249.97,4.46,244.54,Agricultural,Alluvial,3473.98,1,1,1,2.4896125318204283,51.29,Medium
Industrial Belt,Monsoon,7,31.208248,75.789408,170.06,30.07,73.54,2957.6,5.86,240.07,Industrial,Clay Loam,5607.71,0,1,1,2.489817709924619,56.2,Medium
Peri-Urban Farms,Monsoon,9,31.239695,75.752097,196.67,34.88,76.44,3602.83,5.67,252.79,Agricultural,Sandy Loam,1940.84,0,0,1,2.4915921262923635,39.65,Low
Industrial Belt,Monsoon,8,31.206084,75.786556,174.53,34.39,85.73,3388.32,6.37,248.05,Industrial,Clay Loam,5897.47,1,0,1,2.492746307279811,53.2,Medium
Canal Edge,Winter,12,31.233651,75.794553,71.48,17.37,62.8,3226.22,3.89,243.04,Agricultural,Alluvial,2612.36,1,1,1,2.5005008604558148,51.06,Medium
Peri-Urban Farms,Post-Monsoon,10,31.241994,75.754976,53.6,27.71,58.99,2380.66,3.96,248.48,Agricultural,Sandy Loam,2295.52,0,1,0,2.5033929820130028,39.64,Low
College District,Post-Monsoon,11,31.244671,75.760289,50.66,27.63,52.26,2291.79,2.75,247.12,Mixed Use,Loam,5966.75,0,1,0,2.506366305160653,41.49,Medium
Canal Edge,Monsoon,9,31.237845,75.791609,192.6,32.86,82.82,3374.59,6.3,242.6,Agricultural,Alluvial,3707.54,0,1,1,2.506924195990827,56.83,Medium
Canal Edge,Winter,1,31.238752,75.790779,16.78,20.21,74.89,2283.7,4.02,245.7,Agricultural,Alluvial,3544.36,0,1,0,2.50983644872205,39.43,Low
Canal Edge,Monsoon,8,31.240779,75.788458,228.44,29.33,78.84,3923.22,7.32,250.01,Agricultural,Alluvial,2120.14,1,0,1,2.509928546408523,54.31,Medium
Canal Edge,Monsoon,6,31.236806,75.792545,236.95,31.95,85.51,4230.41,6.68,242.11,Agricultural,Alluvial,3088.4,0,1,1,2.510463648230012,61.38,Medium
Peri-Urban Farms,Pre-Monsoon,5,31.238476,75.75052,83.98,39.41,57.57,2784.86,4.41,247.35,Agricultural,Sandy Loam,3106.38,1,0,1,2.5117918104668853,38.45,Low
Industrial Belt,Monsoon,6,31.202437,75.778674,196.17,38.15,90.17,3278.73,6.38,241.4,Industrial,Clay Loam,4520.03,1,0,1,2.511903918357736,52.08,Medium
Industrial Belt,Winter,3,31.205864,75.786672,37.95,15.05,69.57,2210.59,3.88,246.77,Industrial,Clay Loam,4475.85,1,1,0,2.5189353467511295,49.26,Medium
Canal Edge,Monsoon,7,31.234491,75.794389,178.63,30.55,76.52,3617.73,6.4,247.17,Agricultural,Alluvial,3341.65,1,0,1,2.528133983507994,50.51,Medium
Industrial Belt,Winter,1,31.20252,75.77953,58.57,19.17,72.96,2147.84,3.42,245.61,Industrial,Clay Loam,5353.74,1,1,1,2.5286415362287946,50.25,Medium
Peri-Urban Farms,Monsoon,9,31.237312,75.749117,220.48,34.84,76.82,3368.31,5.84,256.57,Agricultural,Sandy Loam,2528.65,0,1,1,2.538004374553194,55.45,Medium
Canal Edge,Post-Monsoon,11,31.232865,75.79541,88.55,29.54,62.73,2701.67,4.47,242.47,Agricultural,Alluvial,4216.76,1,1,1,2.539157424022972,54.16,Medium
Canal Edge,Winter,2,31.235709,75.793752,35.79,17.08,68.43,2436.26,4.16,246.02,Agricultural,Alluvial,2532.95,0,0,1,2.541200314837727,25.71,Low
Canal Edge,Monsoon,8,31.23779,75.792124,262.26,30.09,86.65,4648.83,7.19,248.35,Agricultural,Alluvial,3103.46,0,1,1,2.5420546323413795,65.0,Medium
Canal Edge,Winter,12,31.233977,75.794878,36.69,14.94,59.54,2304.45,2.62,241.27,Agricultural,Alluvial,2746.03,0,0,0,2.5440405669599064,22.0,Low
Industrial Belt,Monsoon,9,31.204927,75.78571,209.31,32.25,87.44,4028.97,6.69,238.38,Industrial,Clay Loam,6312.26,0,0,1,2.5511442769738557,50.0,Medium
Canal Edge,Monsoon,6,31.230563,75.796554,215.53,29.68,79.12,3826.42,6.47,238.12,Agricultural,Alluvial,2883.83,1,0,1,2.555239364957259,52.44,Medium
Peri-Urban Farms,Post-Monsoon,11,31.240777,75.752432,36.31,28.65,62.9,1663.59,3.21,250.94,Agricultural,Sandy Loam,2468.24,1,0,0,2.5554146689144246,29.3,Low
Canal Edge,Pre-Monsoon,4,31.235331,75.794254,64.25,36.29,60.82,2724.8,4.37,238.15,Agricultural,Alluvial,2748.15,0,1,1,2.5613756233435736,42.71,Medium
Canal Edge,Post-Monsoon,10,31.234626,75.794745,56.95,34.7,69.41,2840.64,4.37,248.49,Agricultural,Alluvial,2588.45,0,1,1,2.565090703462202,42.42,Medium
Canal Edge,Winter,1,31.23526,75.794364,66.55,15.15,45.81,2489.91,4.52,240.76,Agricultural,Alluvial,3620.77,1,1,0,2.566627171846485,51.78,Medium
Peri-Urban Farms,Monsoon,6,31.242933,75.755286,164.53,29.35,73.91,3203.43,4.54,248.46,Agricultural,Sandy Loam,800.0,1,0,1,2.570575580557944,40.67,Medium
Industrial Belt,Winter,2,31.205994,75.787771,58.81,16.94,68.08,2451.4,4.29,242.08,Industrial,Clay Loam,5426.78,1,1,1,2.5716449097912477,53.26,Medium
Canal Edge,Post-Monsoon,10,31.236926,75.793364,84.49,27.57,75.84,3070.02,4.76,243.32,Agricultural,Alluvial,3042.83,0,1,1,2.5823773039100573,45.99,Medium
Canal Edge,Pre-Monsoon,5,31.237815,75.792685,86.76,39.19,46.52,2452.67,4.48,242.11,Agricultural,Alluvial,2873.55,0,1,1,2.586448417019409,43.55,Medium
Peri-Urban Farms,Monsoon,8,31.243323,75.755638,220.26,32.2,84.73,3450.28,6.46,256.17,Agricultural,Sandy Loam,1764.76,0,1,1,2.5874139881264444,56.07,Medium
Industrial Belt,Winter,12,31.202495,75.781424,32.5,15.12,50.43,1973.01,2.92,246.04,Industrial,Clay Loam,5790.71,1,1,0,2.595925398753024,47.89,Medium
Peri-Urban Farms,Winter,12,31.237335,75.748342,59.64,15.21,53.95,2729.46,3.25,256.01,Agricultural,Sandy Loam,1876.97,1,0,0,2.599675079412363,32.57,Low
Peri-Urban Farms,Winter,2,31.237702,75.748439,35.09,16.52,69.92,2212.64,3.8,250.84,Agricultural,Sandy Loam,2581.64,1,1,0,2.615659753399809,46.28,Medium
Peri-Urban Farms,Winter,1,31.241517,75.752359,66.14,21.36,57.26,2191.06,4.77,252.34,Agricultural,Sandy Loam,2985.19,1,1,1,2.6207226962174315,50.66,Medium
Canal Edge,Winter,2,31.23559,75.794819,66.71,22.34,72.5,2549.31,4.55,247.97,Agricultural,Alluvial,4398.89,0,0,1,2.6223124363972365,31.1,Low
Canal Edge,Winter,1,31.235408,75.794957,27.78,15.21,78.17,2544.42,3.47,242.13,Agricultural,Alluvial,2569.25,1,0,0,2.6239064090058783,31.99,Low
Canal Edge,Winter,1,31.240131,75.790957,126.1,18.52,54.73,2895.23,5.39,246.69,Agricultural,Alluvial,2311.62,0,1,1,2.624953026382981,48.09,Medium
Canal Edge,Winter,12,31.235212,75.795105,37.12,18.3,79.57,2758.65,3.84,243.62,Agricultural,Alluvial,3614.47,1,0,1,2.625818230798453,35.38,Low
Canal Edge,Winter,3,31.241155,75.789799,70.32,18.73,57.44,2609.36,3.56,236.0,Agricultural,Alluvial,3581.42,1,1,1,2.627141555488916,49.93,Medium
Canal Edge,Pre-Monsoon,4,31.228195,75.798086,78.02,36.31,57.62,2524.77,4.01,246.19,Agricultural,Alluvial,3674.72,1,1,1,2.6361131180196438,51.29,Medium
Canal Edge,Pre-Monsoon,5,31.237199,75.7939,88.91,33.88,56.96,2835.35,4.44,241.87,Agricultural,Alluvial,2632.59,0,1,1,2.6416125273351487,44.24,Medium
Peri-Urban Farms,Monsoon,6,31.240462,75.750725,158.4,32.81,82.25,3112.61,5.26,251.12,Agricultural,Sandy Loam,1235.65,1,0,1,2.6446042267413103,42.46,Medium
Peri-Urban Farms,Post-Monsoon,10,31.233376,75.745238,9.03,29.39,52.52,1563.92,2.79,256.3,Agricultural,Sandy Loam,2189.78,0,0,0,2.644686109617845,18.27,Low
Canal Edge,Monsoon,9,31.23306,75.796579,238.02,31.58,69.5,3744.12,7.29,242.07,Agricultural,Alluvial,1348.9,0,0,1,2.650108852561097,45.16,Medium
Canal Edge,Monsoon,9,31.238309,75.7931,191.27,26.28,82.09,3876.86,6.52,242.07,Agricultural,Alluvial,2453.29,1,1,1,2.6508950276285357,64.88,Medium
Canal Edge,Monsoon,6,31.239508,75.792006,166.39,30.41,79.58,3668.82,5.97,242.93,Agricultural,Alluvial,2616.97,0,0,1,2.6531006328925595,39.99,Low
Canal Edge,Pre-Monsoon,4,31.242809,75.78797,110.79,40.21,52.66,3055.61,4.7,239.04,Agricultural,Alluvial,3767.18,1,0,1,2.653164210740522,42.14,Medium
Peri-Urban Farms,Pre-Monsoon,5,31.245251,75.757932,5.58,39.13,49.34,1783.72,2.02,248.16,Agricultural,Sandy Loam,1489.33,1,1,0,2.66094486295459,37.86,Low
Canal Edge,Monsoon,8,31.237219,75.794188,186.88,29.67,66.52,3305.29,5.84,242.26,Agricultural,Alluvial,2485.5,1,1,1,2.665649497303422,61.55,Medium
Canal Edge,Post-Monsoon,10,31.235058,75.795679,84.12,27.16,68.94,2370.45,4.44,240.03,Agricultural,Alluvial,2659.76,0,1,1,2.6660379900316338,42.8,Medium
Canal Edge,Winter,1,31.235573,75.795383,91.09,17.5,68.64,2817.49,4.96,239.6,Agricultural,Alluvial,2460.37,1,1,1,2.6682338952515416,53.31,Medium
Peri-Urban Farms,Post-Monsoon,11,31.241847,75.751988,89.8,27.55,60.22,2631.21,3.91,253.99,Agricultural,Sandy Loam,800.0,1,0,1,2.671593283047212,33.9,Low
Peri-Urban Farms,Post-Monsoon,10,31.241151,75.751054,27.15,29.85,57.34,1833.93,3.36,248.0,Agricultural,Sandy Loam,2300.83,1,1,0,2.6761575474420085,43.42,Medium
Peri-Urban Farms,Winter,1,31.240833,75.750677,59.55,20.2,44.02,2056.49,3.63,254.57,Agricultural,Sandy Loam,1464.76,1,1,0,2.676581708448289,45.11,Medium
Canal Edge,Monsoon,8,31.241093,75.790717,168.88,35.09,87.13,3322.4,5.46,240.21,Agricultural,Alluvial,2326.13,0,1,1,2.6830164547073663,51.56,Medium
Peri-Urban Farms,Post-Monsoon,10,31.237824,75.747621,61.2,28.68,68.74,2581.78,3.62,254.86,Agricultural,Sandy Loam,1083.98,0,1,1,2.6869987795995818,38.04,Low
Peri-Urban Farms,Winter,1,31.241234,75.750887,45.79,18.02,69.0,2479.56,3.44,257.0,Agricultural,Sandy Loam,1951.09,1,1,0,2.693877552750647,45.77,Medium
Peri-Urban Farms,Winter,1,31.237075,75.746931,43.42,17.48,66.94,2163.39,2.19,250.87,Agricultural,Sandy Loam,2076.32,0,0,0,2.695250467551946,19.99,Low
Canal Edge,Winter,12,31.237808,75.794238,50.03,18.65,66.26,1734.72,3.98,244.25,Agricultural,Alluvial,3389.85,0,0,0,2.7062241240735783,25.32,Low
Industrial Belt,Winter,1,31.204593,75.788008,0.0,15.88,61.04,2322.47,3.19,242.05,Industrial,Clay Loam,6247.93,1,0,0,2.708271774926375,34.49,Low
Industrial Belt,Winter,3,31.207032,75.791272,13.62,19.18,50.12,2145.05,3.44,245.53,Industrial,Clay Loam,5257.22,1,0,0,2.711077676027278,33.91,Low
Canal Edge,Monsoon,6,31.244482,75.786357,195.9,29.35,85.51,3774.01,6.84,239.51,Agricultural,Alluvial,3481.28,1,1,1,2.7156563480717493,67.04,Medium
Peri-Urban Farms,Monsoon,7,31.240793,75.750044,204.79,31.83,87.91,3448.46,6.4,254.64,Agricultural,Sandy Loam,1905.77,0,0,1,2.7168707538896055,41.35,Medium
Peri-Urban Farms,Post-Monsoon,11,31.23497,75.745266,60.35,25.43,58.79,2110.48,3.51,249.38,Agricultural,Sandy Loam,1613.39,1,1,1,2.71704325262198,45.22,Medium
Canal Edge,Monsoon,7,31.243614,75.787988,193.93,32.8,87.43,3675.24,6.28,243.51,Agricultural,Alluvial,3249.1,0,1,1,2.7253041650536893,57.01,Medium
Peri-Urban Farms,Post-Monsoon,11,31.243889,75.754017,75.66,26.79,61.98,2449.18,3.25,252.88,Agricultural,Sandy Loam,1770.25,1,0,0,2.727126741245825,32.48,Low
Industrial Belt,Winter,2,31.200473,75.779063,81.4,15.91,64.69,2319.75,4.02,243.08,Industrial,Clay Loam,4928.19,1,1,1,2.7315541469461215,52.7,Medium
Peri-Urban Farms,Pre-Monsoon,4,31.243681,75.753582,101.84,36.09,44.47,2462.55,4.87,251.54,Agricultural,Sandy Loam,1348.57,1,1,1,2.7329771271610896,51.12,Medium
Peri-Urban Farms,Winter,3,31.245032,75.755787,71.33,21.8,57.43,2285.45,4.03,253.7,Agricultural,Sandy Loam,1460.46,0,0,0,2.739845980941422,25.26,Low
Peri-Urban Farms,Winter,1,31.239975,75.74884,54.3,14.51,58.48,1995.52,4.39,255.17,Agricultural,Sandy Loam,1526.45,1,0,1,2.7413396268997725,32.6,Low
Canal Edge,Winter,1,31.231517,75.798423,81.39,18.19,74.37,2768.23,4.51,242.42,Agricultural,Alluvial,1788.14,0,1,1,2.7563046307378127,42.67,Medium
Canal Edge,Monsoon,7,31.243158,75.789205,221.32,29.45,88.07,3798.84,5.46,240.3,Agricultural,Alluvial,3801.34,0,0,1,2.7568592155670233,43.52,Medium
Canal Edge,Winter,1,31.239977,75.793186,66.39,14.68,74.89,2627.7,3.39,241.82,Agricultural,Alluvial,3282.78,1,1,1,2.772456505180769,48.95,Medium
Industrial Belt,Post-Monsoon,10,31.207244,75.792411,44.8,31.81,61.87,1922.33,4.65,243.9,Industrial,Clay Loam,5649.82,1,0,0,2.773987239776675,38.33,Low
Peri-Urban Farms,Winter,2,31.245323,75.755569,0.0,18.69,67.8,1747.97,2.14,257.0,Agricultural,Sandy Loam,1104.58,0,0,0,2.7782627787259053,15.23,Low
Canal Edge,Post-Monsoon,10,31.236783,75.795954,57.75,27.02,75.59,1859.05,3.58,251.56,Agricultural,Alluvial,3484.07,1,1,1,2.78218201116971,47.2,Medium
Canal Edge,Post-Monsoon,11,31.23714,75.795749,0.0,29.36,82.88,1709.99,2.96,241.97,Agricultural,Alluvial,2799.32,0,1,0,2.7860518692697274,33.48,Low
Peri-Urban Farms,Monsoon,7,31.244762,75.75425,202.16,32.32,74.96,3161.15,6.38,249.8,Agricultural,Sandy Loam,800.0,0,0,1,2.7938821414349393,38.86,Low
Peri-Urban Farms,Pre-Monsoon,5,31.240097,75.74818,76.82,31.8,42.58,2575.73,3.27,250.86,Agricultural,Sandy Loam,2020.01,1,0,1,2.7980893476385638,33.27,Low
Canal Edge,Winter,3,31.236279,75.796658,44.46,10.84,64.35,2386.88,4.18,236.0,Agricultural,Alluvial,3855.21,1,1,1,2.81230495437773,49.91,Medium
Industrial Belt,Monsoon,8,31.202903,75.787125,174.27,29.75,75.9,3012.95,6.23,246.41,Industrial,Clay Loam,6034.83,1,1,1,2.8130695962357097,66.04,Medium
Peri-Urban Farms,Post-Monsoon,10,31.237774,75.745976,53.44,30.13,57.75,2120.38,3.37,246.58,Agricultural,Sandy Loam,1695.6,1,0,0,2.813677187971426,30.68,Low
Peri-Urban Farms,Winter,12,31.240824,75.748516,47.81,15.2,67.04,2047.32,3.54,256.84,Agricultural,Sandy Loam,1690.68,0,1,0,2.826445720953763,36.6,Low
Peri-Urban Farms,Pre-Monsoon,4,31.240465,75.748151,70.92,37.29,50.03,2350.74,4.11,252.52,Agricultural,Sandy Loam,1615.17,1,0,0,2.826537312664457,33.83,Low
Canal Edge,Winter,3,31.240315,75.793653,37.89,12.79,66.31,2262.09,3.5,248.91,Agricultural,Alluvial,2108.19,1,1,0,2.8306253355636772,45.17,Medium
Industrial Belt,Winter,3,31.201945,75.785771,62.94,15.29,74.46,2205.14,4.02,238.26,Industrial,Clay Loam,4073.44,1,0,0,2.8357168376527957,36.27,Low
Industrial Belt,Post-Monsoon,11,31.204095,75.789477,59.42,32.14,63.14,2056.3,3.14,249.83,Industrial,Clay Loam,5341.29,0,0,0,2.8378771654903248,27.36,Low
Peri-Urban Farms,Winter,2,31.242214,75.749806,40.78,16.61,73.65,1761.57,4.11,251.92,Agricultural,Sandy Loam,2006.39,0,1,0,2.8436272625516428,37.3,Low
Canal Edge,Monsoon,8,31.233676,75.798573,207.91,30.8,85.72,3169.5,7.38,241.48,Agricultural,Alluvial,3477.4,0,1,1,2.851515503390423,59.32,Medium
Canal Edge,Winter,12,31.237971,75.795954,56.73,22.35,69.95,2111.72,2.61,244.57,Agricultural,Alluvial,3037.46,0,1,0,2.8519202364138354,36.88,Low
Industrial Belt,Winter,1,31.206237,75.792502,81.3,17.64,62.55,2475.39,4.09,246.99,Industrial,Clay Loam,5550.16,1,1,0,2.8566564403513364,54.14,Medium
Peri-Urban Farms,Post-Monsoon,11,31.237476,75.745219,8.61,31.0,47.6,1915.7,2.45,247.01,Agricultural,Sandy Loam,1954.93,1,0,0,2.8568067777774204,26.05,Low
Peri-Urban Farms,Post-Monsoon,10,31.244076,75.751994,77.7,30.47,62.75,2446.1,4.03,249.98,Agricultural,Sandy Loam,2011.59,0,0,0,2.860149407032132,26.79,Low
Canal Edge,Winter,12,31.23641,75.797175,72.35,17.31,73.39,2908.34,4.56,236.91,Agricultural,Alluvial,2553.05,0,1,1,2.8623723085522954,43.79,Medium
Peri-Urban Farms,Winter,3,31.243658,75.751338,4.51,17.21,51.52,1993.54,2.95,251.03,Agricultural,Sandy Loam,1734.72,1,1,0,2.863921606659126,40.94,Medium
Canal Edge,Winter,3,31.235789,75.797743,19.79,19.39,59.71,2614.66,3.73,238.47,Agricultural,Alluvial,2503.9,1,1,1,2.877707808597427,46.31,Medium
Industrial Belt,Monsoon,9,31.200811,75.784405,221.92,29.29,80.48,3030.43,6.27,242.16,Industrial,Clay Loam,4737.27,1,1,1,2.8849016100259472,66.75,Medium
Industrial Belt,Winter,3,31.199274,75.780007,0.33,15.16,70.95,1894.67,2.71,241.38,Industrial,Clay Loam,5256.57,1,0,0,2.885461800529959,30.82,Low
Peri-Urban Farms,Monsoon,6,31.244959,75.75286,237.1,31.61,90.42,3195.8,6.41,245.44,Agricultural,Sandy Loam,2307.27,0,1,1,2.8880390393644935,56.88,Medium
Canal Edge,Winter,3,31.242257,75.792578,145.44,17.78,66.88,2824.98,5.24,246.02,Agricultural,Alluvial,2231.95,0,1,1,2.899783556187134,48.4,Medium
Peri-Urban Farms,Pre-Monsoon,4,31.24519,75.752846,70.72,34.4,43.74,2498.48,4.16,248.33,Agricultural,Sandy Loam,2239.48,1,0,0,2.9095857255287907,35.21,Low
Peri-Urban Farms,Post-Monsoon,10,31.237724,75.744639,30.62,27.76,67.75,1991.87,2.97,255.53,Agricultural,Sandy Loam,2517.24,0,1,0,2.9182255573727427,35.38,Low
Peri-Urban Farms,Pre-Monsoon,4,31.242941,75.749369,23.85,30.14,39.19,1964.08,3.05,254.22,Agricultural,Sandy Loam,1442.83,1,1,0,2.930488677376724,41.66,Medium
Canal Edge,Monsoon,7,31.24029,75.795049,179.9,33.9,87.55,3556.16,5.61,236.62,Agricultural,Alluvial,2359.55,1,1,1,2.9320289514418083,61.14,Medium
Canal Edge,Winter,3,31.239122,75.796177,60.91,16.9,58.36,2981.11,3.62,239.46,Agricultural,Alluvial,3470.52,0,1,1,2.9409659812969577,42.44,Medium
Peri-Urban Farms,Winter,2,31.243615,75.749981,35.28,20.26,57.04,2089.09,3.47,250.6,Agricultural,Sandy Loam,2345.81,0,0,0,2.945386035250758,22.84,Low
Canal Edge,Monsoon,9,31.245088,75.78977,236.7,31.87,84.71,3899.54,7.17,240.91,Agricultural,Alluvial,3664.12,0,1,1,2.9582927347929986,62.46,Medium
Canal Edge,Winter,12,31.237887,75.797358,8.61,16.25,72.11,2511.93,3.32,240.98,Agricultural,Alluvial,3592.13,0,0,0,2.9598795748236584,24.02,Low
Peri-Urban Farms,Winter,2,31.23785,75.744205,36.87,18.26,64.06,2033.71,3.17,250.51,Agricultural,Sandy Loam,1950.76,1,0,0,2.960739756041407,29.49,Low
Canal Edge,Winter,3,31.238337,75.797338,49.01,15.07,63.18,2849.11,3.24,236.33,Agricultural,Alluvial,2561.44,1,0,1,2.9846764038484257,33.31,Low
Canal Edge,Monsoon,6,31.239577,75.796441,234.34,28.97,84.04,3604.3,6.71,241.02,Agricultural,Alluvial,3092.66,0,0,1,2.990605108786538,45.66,Medium
Canal Edge,Monsoon,9,31.242317,75.793889,161.61,32.65,76.69,3453.83,5.52,241.07,Agricultural,Alluvial,2608.01,0,1,1,2.994597154183717,52.08,Medium
Peri-Urban Farms,Monsoon,9,31.239655,75.745153,141.46,33.48,65.05,2776.57,5.02,252.81,Agricultural,Sandy Loam,1327.79,1,0,1,2.99610023085934,40.27,Medium
Canal Edge,Winter,2,31.241556,75.794858,72.26,15.91,80.74,2566.69,4.33,240.3,Agricultural,Alluvial,4173.79,0,1,1,3.007176762418715,44.59,Medium
Peri-Urban Farms,Winter,2,31.244709,75.750414,0.02,19.21,59.37,1780.18,2.1,252.43,Agricultural,Sandy Loam,2402.52,0,1,0,3.009885923986249,31.04,Low
Canal Edge,Post-Monsoon,10,31.235482,75.799571,82.09,29.84,61.09,2855.48,4.57,242.2,Agricultural,Alluvial,3189.54,1,1,1,3.0188798683200107,53.04,Medium
Peri-Urban Farms,Monsoon,9,31.247627,75.754951,186.38,26.93,85.67,2861.87,5.86,247.71,Agricultural,Sandy Loam,1247.73,0,0,1,3.028667283214056,36.65,Low
Peri-Urban Farms,Winter,3,31.236388,75.742409,4.94,19.42,68.1,2122.19,3.17,256.55,Agricultural,Sandy Loam,1728.23,0,1,0,3.0306075988359473,33.82,Low
Peri-Urban Farms,Monsoon,7,31.243525,75.748456,202.67,27.4,87.16,3550.44,6.62,257.0,Agricultural,Sandy Loam,800.0,0,0,1,3.0375622375663687,40.5,Medium
Peri-Urban Farms,Pre-Monsoon,5,31.243698,75.748431,69.11,39.29,64.06,2299.35,4.62,249.86,Agricultural,Sandy Loam,2296.66,0,1,1,3.052995261080949,41.78,Medium
Canal Edge,Monsoon,9,31.239082,75.797672,253.0,30.47,93.75,4230.22,6.62,238.14,Agricultural,Alluvial,2558.16,1,1,1,3.056223611248813,69.29,Medium
Peri-Urban Farms,Monsoon,7,31.243798,75.748346,239.53,25.68,96.82,4194.29,6.72,249.12,Agricultural,Sandy Loam,1606.01,1,0,1,3.0666024752336605,53.43,Medium
Peri-Urban Farms,Monsoon,8,31.239722,75.744243,211.44,27.68,84.01,3983.03,5.82,251.79,Agricultural,Sandy Loam,2718.79,1,0,1,3.0711670792447157,50.86,Medium
Peri-Urban Farms,Monsoon,6,31.245803,75.750945,200.84,33.0,77.9,3116.85,6.21,250.13,Agricultural,Sandy Loam,1894.96,0,0,1,3.0726620116527186,39.8,Low
Peri-Urban Farms,Monsoon,9,31.245013,75.749676,150.57,33.01,78.48,2759.25,5.47,255.31,Agricultural,Sandy Loam,2394.92,1,1,1,3.081095598303996,57.25,Medium
Peri-Urban Farms,Pre-Monsoon,4,31.240433,75.7446,94.9,36.36,49.64,1956.1,4.13,252.32,Agricultural,Sandy Loam,1533.47,0,1,1,3.0894060965621444,39.91,Low
Canal Edge,Pre-Monsoon,5,31.238093,75.798816,95.52,39.64,53.22,2760.19,4.54,245.47,Agricultural,Alluvial,3896.35,1,1,1,3.0905457470758217,54.38,Medium
Peri-Urban Farms,Winter,12,31.243642,75.747801,70.12,15.81,59.1,2421.76,4.12,254.69,Agricultural,Sandy Loam,1741.67,1,0,0,3.090617953040506,34.18,Low
Canal Edge,Pre-Monsoon,4,31.242174,75.795395,104.53,35.48,46.84,3145.39,5.34,247.29,Agricultural,Alluvial,4272.55,0,1,1,3.0906764338601738,50.3,Medium
Peri-Urban Farms,Winter,2,31.243202,75.747021,8.72,22.15,52.72,1764.89,2.4,257.0,Agricultural,Sandy Loam,1472.82,0,0,0,3.109735670861866,16.85,Low
Peri-Urban Farms,Winter,3,31.24579,75.750109,58.27,18.84,67.11,2904.98,3.93,255.96,Agricultural,Sandy Loam,1600.4,0,1,0,3.1210026282836147,40.22,Medium
Peri-Urban Farms,Pre-Monsoon,5,31.242794,75.746373,91.66,37.1,42.67,2646.84,4.49,255.13,Agricultural,Sandy Loam,2002.84,0,0,1,3.1242898030926614,29.11,Low
Canal Edge,Pre-Monsoon,5,31.236295,75.800438,66.06,36.85,50.96,2686.43,3.21,245.12,Agricultural,Alluvial,2659.96,1,0,0,3.1321560201312484,33.79,Low
Canal Edge,Winter,1,31.242451,75.795791,63.94,14.75,58.27,2736.0,4.53,238.55,Agricultural,Alluvial,3535.9,0,1,1,3.1393011304916807,44.21,Medium
Peri-Urban Farms,Monsoon,9,31.247141,75.751258,158.12,30.65,81.9,3291.56,5.6,253.6,Agricultural,Sandy Loam,1538.42,1,1,1,3.173840176019297,58.16,Medium
Peri-Urban Farms,Winter,1,31.243286,75.745744,0.0,15.2,72.24,2018.72,2.85,255.09,Agricultural,Sandy Loam,1939.82,1,1,0,3.20533512769137,40.83,Medium
Peri-Urban Farms,Monsoon,7,31.239635,75.742318,210.83,30.11,80.48,3700.95,7.1,257.0,Agricultural,Sandy Loam,2323.41,1,1,1,3.2180982513596206,66.59,Medium
Canal Edge,Winter,3,31.249084,75.787876,114.07,16.93,82.25,3319.03,4.18,239.67,Agricultural,Alluvial,2665.12,1,1,1,3.22730372101446,54.21,Medium
Peri-Urban Farms,Winter,3,31.243182,75.745293,22.74,16.45,61.7,2097.4,2.85,250.13,Agricultural,Sandy Loam,925.49,1,0,0,3.229684043351552,26.75,Low
Canal Edge,Monsoon,6,31.245745,75.793445,251.31,34.33,89.13,3867.45,8.07,240.77,Agricultural,Alluvial,2925.13,0,1,1,3.237576449159142,64.23,Medium
Peri-Urban Farms,Winter,2,31.241813,75.743713,37.02,14.87,83.84,1815.32,3.27,253.21,Agricultural,Sandy Loam,1973.95,1,0,0,3.2489925260543506,29.19,Low
Peri-Urban Farms,Monsoon,9,31.242427,75.744255,193.82,31.68,76.82,3287.07,6.06,254.98,Agricultural,Sandy Loam,2286.99,1,1,1,3.250885003134409,62.09,Medium
Peri-Urban Farms,Pre-Monsoon,5,31.246377,75.748656,75.92,36.23,51.37,2556.32,3.77,253.81,Agricultural,Sandy Loam,1271.71,1,0,0,3.259418405796951,33.33,Low
Peri-Urban Farms,Winter,12,31.247408,75.749869,3.56,17.34,63.12,1747.99,2.95,254.22,Agricultural,Sandy Loam,2054.97,0,0,0,3.2764455985800476,18.68,Low
Canal Edge,Winter,12,31.2437,75.796547,0.0,18.81,55.62,2103.82,3.23,244.11,Agricultural,Alluvial,2317.39,0,1,0,3.2849739193220677,34.5,Low
Peri-Urban Farms,Monsoon,8,31.245552,75.747126,212.43,31.41,69.12,3719.54,6.19,254.76,Agricultural,Sandy Loam,2248.66,1,0,1,3.287771533102447,50.43,Medium
Peri-Urban Farms,Pre-Monsoon,5,31.245519,75.747029,65.11,37.73,57.44,2318.28,4.45,255.94,Agricultural,Sandy Loam,1722.93,1,0,0,3.291423942419768,34.42,Low
Peri-Urban Farms,Winter,3,31.24647,75.74815,68.37,14.89,55.1,2079.17,3.66,247.7,Agricultural,Sandy Loam,1768.43,0,1,0,3.2985241782213963,38.11,Low
Peri-Urban Farms,Monsoon,9,31.245941,75.74728,180.26,34.09,78.23,2849.26,5.38,256.64,Agricultural,Sandy Loam,2340.89,0,1,1,3.309518225235621,50.69,Medium
Canal Edge,Winter,3,31.243588,75.79703,57.01,21.47,81.5,2332.63,4.25,243.96,Agricultural,Alluvial,3351.96,0,1,1,3.3111326304314312,41.86,Medium
Peri-Urban Farms,Winter,2,31.246227,75.747599,67.96,18.52,64.76,2653.03,4.36,256.05,Agricultural,Sandy Loam,2096.84,1,1,1,3.312756561189355,49.76,Medium
Canal Edge,Monsoon,7,31.247147,75.793197,189.02,29.19,95.93,3769.19,6.04,241.62,Agricultural,Alluvial,3033.24,0,1,1,3.3405163594949205,56.14,Medium
Canal Edge,Winter,2,31.238147,75.801945,71.41,15.12,59.5,2973.2,4.76,242.1,Agricultural,Alluvial,2812.36,0,1,1,3.353182346211234,44.75,Medium
Peri-Urban Farms,Post-Monsoon,10,31.242926,75.74321,8.21,29.89,57.78,1812.24,3.07,250.4,Agricultural,Sandy Loam,1625.25,0,0,0,3.3630459421979557,18.78,Low
Peri-Urban Farms,Pre-Monsoon,5,31.247325,75.748268,71.18,33.28,51.71,2299.8,3.61,257.0,Agricultural,Sandy Loam,1048.5,0,0,0,3.3639481438918373,23.71,Low
Canal Edge,Winter,1,31.237244,75.802681,90.16,14.81,69.18,2647.43,3.82,240.99,Agricultural,Alluvial,3961.08,0,0,1,3.370082670340281,30.17,Low
Peri-Urban Farms,Pre-Monsoon,5,31.247541,75.748268,139.48,43.23,64.49,3199.92,4.97,256.08,Agricultural,Sandy Loam,1737.49,1,0,1,3.3824992593468393,41.75,Medium
Peri-Urban Farms,Pre-Monsoon,5,31.24932,75.75017,61.9,41.36,47.75,2374.23,3.99,257.0,Agricultural,Sandy Loam,1593.93,1,1,0,3.4313106058962872,47.12,Medium
Peri-Urban Farms,Winter,1,31.244515,75.743781,8.14,17.83,56.1,2147.66,2.82,251.47,Agricultural,Sandy Loam,2184.67,1,0,0,3.4355464683156707,27.85,Low
Peri-Urban Farms,Winter,1,31.240525,75.740268,6.85,15.92,64.92,1345.13,2.79,253.09,Agricultural,Sandy Loam,1616.03,1,0,0,3.43564395738468,24.78,Low
Peri-Urban Farms,Monsoon,9,31.248417,75.748194,155.26,29.55,80.72,2891.77,5.27,257.0,Agricultural,Sandy Loam,2610.66,1,1,1,3.462786717171479,57.66,Medium
Peri-Urban Farms,Monsoon,9,31.246412,75.745511,212.75,31.77,89.81,3352.16,5.87,256.76,Agricultural,Sandy Loam,810.08,0,0,1,3.4629013824540267,38.68,Low
Peri-Urban Farms,Pre-Monsoon,5,31.243899,75.742732,101.62,36.34,47.33,2938.09,5.04,245.43,Agricultural,Sandy Loam,2157.36,1,1,1,3.4666396826937653,53.92,Medium
Peri-Urban Farms,Winter,1,31.246785,75.745845,46.43,18.9,65.48,1960.49,3.57,250.35,Agricultural,Sandy Loam,1060.15,0,1,0,3.4710818837864483,35.49,Low
Peri-Urban Farms,Post-Monsoon,10,31.249489,75.749655,146.87,29.45,50.01,2905.92,4.7,250.61,Agricultural,Sandy Loam,1538.32,1,1,1,3.47484200998938,54.41,Medium
Peri-Urban Farms,Pre-Monsoon,5,31.244744,75.743404,60.49,39.65,61.79,2526.62,3.63,243.5,Agricultural,Sandy Loam,2054.05,0,0,0,3.479257235752219,25.24,Low
Peri-Urban Farms,Winter,12,31.248309,75.747551,43.87,16.61,65.22,1856.1,4.01,252.65,Agricultural,Sandy Loam,1364.85,1,1,0,3.491755414978842,44.57,Medium
Peri-Urban Farms,Winter,1,31.244121,75.742533,56.58,15.46,62.85,2166.7,3.4,250.46,Agricultural,Sandy Loam,2522.81,0,1,0,3.4969652840625662,38.19,Low
Peri-Urban Farms,Monsoon,9,31.24413,75.742481,201.62,31.51,81.85,3374.53,6.01,250.71,Agricultural,Sandy Loam,1890.89,0,1,1,3.5014059993876847,54.04,Medium
Peri-Urban Farms,Winter,1,31.245395,75.743564,43.29,16.38,63.42,2018.06,3.84,251.29,Agricultural,Sandy Loam,827.27,0,0,1,3.5164401056141608,21.81,Low
Canal Edge,Monsoon,9,31.241018,75.80211,187.85,27.31,99.0,3647.92,6.41,237.31,Agricultural,Alluvial,3099.24,1,1,1,3.527466170457565,64.74,Medium
Peri-Urban Farms,Post-Monsoon,10,31.248377,75.746888,4.72,28.4,72.08,1627.37,2.67,253.16,Agricultural,Sandy Loam,1919.93,0,0,0,3.537785734747133,17.56,Low
Peri-Urban Farms,Winter,3,31.247963,75.74613,12.91,16.19,67.26,2221.47,2.88,253.94,Agricultural,Sandy Loam,861.09,1,1,0,3.549843005108914,40.57,Medium
Peri-Urban Farms,Winter,2,31.245215,75.742475,61.89,17.1,79.74,2146.83,4.1,255.79,Agricultural,Sandy Loam,1461.13,1,0,0,3.580151902897869,32.59,Low
Peri-Urban Farms,Monsoon,6,31.249136,75.747264,204.63,33.55,80.75,3375.27,5.5,251.28,Agricultural,Sandy Loam,979.98,0,0,1,3.5804016642530834,37.69,Low
Peri-Urban Farms,Monsoon,8,31.248306,75.745618,231.36,34.65,82.88,3269.22,7.57,253.36,Agricultural,Sandy Loam,1589.47,0,0,1,3.610650369632057,44.57,Medium
Peri-Urban Farms,Monsoon,6,31.250561,75.748327,217.51,31.78,70.57,3722.42,6.31,250.1,Agricultural,Sandy Loam,2285.34,0,0,1,3.6452671434676867,43.03,Medium
Peri-Urban Farms,Monsoon,8,31.251713,75.749585,195.91,35.11,73.93,3343.28,6.25,251.33,Agricultural,Sandy Loam,2548.94,1,1,1,3.6829601271938146,63.17,Medium
Peri-Urban Farms,Post-Monsoon,10,31.250185,75.745972,37.24,27.39,59.86,1832.21,4.01,253.73,Agricultural,Sandy Loam,2966.47,1,0,0,3.7482916088233766,32.41,Low
Peri-Urban Farms,Monsoon,8,31.248468,75.743469,172.27,33.36,71.09,2917.75,5.41,257.0,Agricultural,Sandy Loam,2485.28,1,1,1,3.7622574112856886,58.74,Medium
Canal Edge,Winter,1,31.250113,75.796829,65.8,15.56,63.84,2802.16,3.85,244.76,Agricultural,Alluvial,3634.45,1,1,1,3.815133902764085,50.98,Medium
Peri-Urban Farms,Post-Monsoon,11,31.245977,75.739716,65.31,30.75,47.41,2268.99,3.15,252.97,Agricultural,Sandy Loam,2867.25,0,0,1,3.8348465168614996,24.78,Low
Peri-Urban Farms,Winter,2,31.246692,75.740408,40.99,16.91,51.67,2097.0,3.23,247.9,Agricultural,Sandy Loam,1559.38,0,1,0,3.8361858232454185,35.47,Low
Peri-Urban Farms,Pre-Monsoon,4,31.253197,75.747582,79.29,38.65,47.12,2192.03,4.0,250.45,Agricultural,Sandy Loam,2808.2,0,1,1,3.925915392311414,41.23,Medium
Peri-Urban Farms,Post-Monsoon,10,31.24534,75.737456,63.5,25.82,47.93,2438.52,4.05,250.71,Agricultural,Sandy Loam,1990.88,1,0,0,3.9599474756675135,34.07,Low
Peri-Urban Farms,Monsoon,8,31.247948,75.739152,241.89,32.8,79.15,3770.64,6.56,255.01,Agricultural,Sandy Loam,934.07,0,1,1,4.018069635388109,57.09,Medium
Peri-Urban Farms,Monsoon,6,31.251385,75.742993,192.04,32.54,85.67,3191.41,6.02,257.0,Agricultural,Sandy Loam,1933.34,0,0,1,4.032589301048703,39.15,Low
